timestamp,date,open,volume,change
2025-10-05 00:08:52.000,2025-10-05,122342.37475841086,34863966292.554436,-0.0706662248156853
2025-10-05 00:01:39.347,2025-10-05,122428.89063350529,34849439420.54489,0.09134730762319077
2025-10-04 23:01:59.170,2025-10-04,122317.15720363855,35804303691.43797,0.071916970183028
2025-10-04 22:02:01.545,2025-10-04,122229.25362775213,36233802297.072495,0.2028710343446649
2025-10-04 21:02:04.831,2025-10-04,121981.7879129011,36244418904.760376,0.010713723128663588
2025-10-04 20:01:19.612,2025-10-04,121968.72052188081,37753035853.6436,0.31668191806655255
2025-10-04 19:02:26.584,2025-10-04,121583.68696992841,40085046234.31524,-0.13140660908919077
2025-10-04 18:02:30.056,2025-10-04,121743.66619345409,43705733771.45556,0.026100660483008298
2025-10-04 17:01:55.892,2025-10-04,121711.89858403725,51911018277.15554,-0.14067317550613412
2025-10-04 16:02:24.946,2025-10-04,121883.35577101377,62803843839.870445,-0.1707030010704269
2025-10-04 15:00:06.224,2025-10-04,122091.77008661162,66802177060.30172,-0.2827260091052164
2025-10-04 14:01:27.128,2025-10-04,122437.93397095859,69599151217.75127,0.3154105757803505
2025-10-04 13:02:30.397,2025-10-04,122052.9660081154,72302794078.3185,-0.010242231408374991
2025-10-04 12:00:50.253,2025-10-04,122065.46823584184,72606771271.08185,-0.08690940547488868
2025-10-04 11:01:48.809,2025-10-04,122171.64688781092,73134470522.98842,-0.07876373351867194
2025-10-04 10:02:51.005,2025-10-04,122267.9496898834,75184339745.02211,-0.042042561619493046
2025-10-04 09:01:32.347,2025-10-04,122319.37588886406,77000199908.10083,-0.0018814841388770098
2025-10-04 08:01:58.665,2025-10-04,122321.67735182184,79062488890.86073,-0.14199319680038291
2025-10-04 07:02:10.790,2025-10-04,122495.61278836025,82325119191.86043,-0.12288713846745347
2025-10-04 06:01:54.300,2025-10-04,122646.32935293744,82341375773.88304,0.07669950882105425
2025-10-04 05:01:43.538,2025-10-04,122552.33231600233,81344944407.13565,0.21364308150044753
2025-10-04 04:01:51.072,2025-10-04,122291.0659143831,81893455365.98709,0.2913410090888968
2025-10-04 03:02:20.966,2025-10-04,121935.8168750585,82406196331.61562,-0.01363219742549493
2025-10-04 02:06:06.715,2025-10-04,121952.44167267253,82455678025.31012,-0.1617842769354505
2025-10-04 01:05:58.915,2025-10-04,122150.06126606805,82596711777.71758,-0.11845393588530984
2025-10-04 00:05:40.641,2025-10-04,122294.92441742845,82671538752.18507,-0.19836250323927995
2025-10-03 23:01:54.069,2025-10-03,122537.99384944742,84070891085.43182,0.1187331093041033
2025-10-03 22:01:47.551,2025-10-03,122392.67322296939,84929627696.68956,-0.1845321674912026
2025-10-03 21:01:57.118,2025-10-03,122618.9446192301,85375045932.62845,-0.10753801769511906
2025-10-03 20:01:57.157,2025-10-03,122750.94855600919,84856406388.03346,0.21060739572025255
2025-10-03 19:01:37.995,2025-10-03,122492.96930341884,86100701595.68146,0.29814345355354543
2025-10-03 18:01:12.265,2025-10-03,122128.8501318505,84365524364.04333,-0.6969187395626353
2025-10-03 17:01:57.416,2025-10-03,122985.9623505026,78562187928.63762,0.48632812504667555
2025-10-03 16:01:19.410,2025-10-03,122390.74175091466,72042074974.56108,1.176326093347413
2025-10-03 15:00:48.049,2025-10-03,120967.76635079077,69065523550.76868,0.45076778393733363
2025-10-03 14:01:34.498,2025-10-03,120424.92956448485,69408659934.52345,-0.0053903592101112174
2025-10-03 13:01:29.239,2025-10-03,120431.4212506921,70508395414.72258,0.01789836323513594
2025-10-03 12:01:29.814,2025-10-03,120409.86985481453,71832912558.06154,-0.09077267618242679
2025-10-03 11:02:14.745,2025-10-03,120519.26842007492,71794093213.57314,0.12341223910621313
2025-10-03 10:06:14.372,2025-10-03,120370.71622395476,71471036536.77403,0.306023266770028
2025-10-03 09:02:27.778,2025-10-03,120003.47766137778,68457026408.38166,0.2236694320589372
2025-10-03 08:02:11.193,2025-10-03,119735.66557820702,65963489878.15732,-0.1440219463000325
2025-10-03 07:01:25.645,2025-10-03,119908.35993195747,64068912741.362755,-0.05589782694525036
2025-10-03 06:01:36.822,2025-10-03,119975.42358661075,64002498071.99221,-0.12340253515238375
2025-10-03 05:02:23.326,2025-10-03,120123.65922741519,64613096574.01271,-0.20161290528037945
2025-10-03 04:02:03.940,2025-10-03,120366.33328893849,64703629385.5381,0.1565816023366251
2025-10-03 03:02:01.597,2025-10-03,120178.15640597939,65273918770.41006,0.1358290185634603
2025-10-03 02:06:30.159,2025-10-03,120015.14101780736,65984242469.2436,-0.1776423796295834
2025-10-03 01:06:02.120,2025-10-03,120228.71817376939,66232398987.307236,-0.23719925604489545
2025-10-03 00:01:40.573,2025-10-03,120514.57785586915,70708858533.94963,0.29079216518290707
2025-10-02 23:02:14.294,2025-10-02,120165.1470230456,72168715153.93767,-0.029472986958933856
2025-10-02 22:01:46.747,2025-10-02,120200.57372246339,72266146750.62857,-0.26825891979810335
2025-10-02 21:02:18.021,2025-10-02,120523.88980735927,71893586151.70308,-0.23429224359174938
2025-10-02 20:01:54.064,2025-10-02,120806.93107659295,71074288737.88626,0.17935322297741862
2025-10-02 19:00:35.657,2025-10-02,120590.64786304125,68157144420.20197,0.5156844335080457
2025-10-02 18:01:55.663,2025-10-02,119971.9710835904,66198696909.38652,0.0379637791928511
2025-10-02 17:03:05.441,2025-10-02,119926.44247377582,67580857666.54917,-0.017562591323083687
2025-10-02 16:02:44.000,2025-10-02,119947.5083644721,67246763805.0119,0.9360512432731172
2025-10-02 15:06:16.054,2025-10-02,118835.15046113516,66485014229.89752,-0.6337202858580526
2025-10-02 14:06:25.647,2025-10-02,119593.0357894061,67651309739.90661,0.17481546665083503
2025-10-02 13:02:14.331,2025-10-02,119384.33350967319,66236629230.69423,0.4321955285688128
2025-10-02 12:02:23.784,2025-10-02,118870.58017736283,65925191553.58871,0.15328923641819703
2025-10-02 11:02:37.646,2025-10-02,118688.64326239079,66558971047.4935,-0.2054381914782799
2025-10-02 10:06:38.898,2025-10-02,118932.97701945083,67151403942.348366,0.21098328253918996
2025-10-02 09:02:20.931,2025-10-02,118682.5766234885,69849351094.08954,0.11668567734508528
2025-10-02 08:01:23.788,2025-10-02,118544.2524595524,75173582126.3366,-0.06180888700197951
2025-10-02 07:02:22.312,2025-10-02,118617.56865852905,74663642035.63876,0.19484864943175584
2025-10-02 06:02:14.057,2025-10-02,118386.89339564343,75335560179.06816,-0.2112942910225346
2025-10-02 05:02:02.085,2025-10-02,118637.56780342005,75821195505.01414,-0.11501027471539915
2025-10-02 04:01:35.277,2025-10-02,118774.17030297645,76658303577.52701,0.01920560906991664
2025-10-02 03:03:06.616,2025-10-02,118751.36338036042,76090637983.94336,-0.034303088843334884
2025-10-02 02:01:51.015,2025-10-02,118792.11274433398,74878317579.31914,0.17850842653142074
2025-10-02 01:02:38.889,2025-10-02,118580.43667265555,74991520110.89244,0.0651392756755298
2025-10-02 00:02:24.809,2025-10-02,118503.24451752483,69920179085.4708,0.5200748179622794
2025-10-01 23:02:10.696,2025-10-01,117890.1276507497,67938363473.51913,0.33967918057704605
2025-10-01 22:01:18.686,2025-10-01,117491.0350655874,67410140907.57001,-0.08769291375997357
2025-10-01 21:06:17.876,2025-10-01,117594.1568081039,68439436785.16637,0.0960741994992409
2025-10-01 20:02:26.654,2025-10-01,117481.28760147937,69335600554.4747,0.17706779512625115
2025-10-01 19:01:35.919,2025-10-01,117273.63376390918,70618624543.31705,0.34665221888317
2025-10-01 18:00:59.339,2025-10-01,116868.50649297565,69004609546.63852,-0.7101456799631811
2025-10-01 17:02:51.506,2025-10-01,117704.3790559691,69483942990.28572,0.187314233328717
2025-10-01 16:01:41.994,2025-10-01,117484.31421351855,65207888141.2778,0.1988052443475219
2025-10-01 15:02:22.512,2025-10-01,117251.21265370194,64853910346.08914,0.41156414464282864
2025-10-01 14:02:22.580,2025-10-01,116770.62662304673,63064803578.57232,0.28791352211088306
2025-10-01 13:01:25.243,2025-10-01,116435.39338097989,62298905123.9021,-0.17908120973666453
2025-10-01 12:02:08.411,2025-10-01,116644.28137114798,60669073816.82783,0.30622176543191326
2025-10-01 11:00:22.014,2025-10-01,116288.18164831583,60567263953.111115,-0.1378341405643968
2025-10-01 10:01:36.523,2025-10-01,116448.6876962004,61271604121.76153,0.31693792593936454
2025-10-01 09:01:41.225,2025-10-01,116080.7836680288,54837312854.269936,1.3559116803884885
2025-10-01 08:01:18.767,2025-10-01,114527.88667529637,55875838651.414505,0.12188335203293654
2025-10-01 07:06:48.664,2025-10-01,114388.4661783791,56452596426.20669,-0.19595126005972352
2025-10-01 06:01:51.704,2025-10-01,114613.05189776568,56796468624.53895,0.26903201762964457
2025-10-01 05:01:37.859,2025-10-01,114305.53341495708,56766711365.455475,0.0800074122014216
2025-10-01 04:01:25.765,2025-10-01,114214.15362627294,56213636526.36849,-0.05690544977886569
2025-10-01 03:02:19.999,2025-10-01,114279.18471033598,55927755542.095825,-0.20422807167989054
2025-10-01 02:02:18.394,2025-10-01,114513.0525092975,56189024472.64735,0.34626032103821647
2025-10-01 01:02:04.729,2025-10-01,114117.90747650724,56995610521.00282,0.08215766314318973
2025-10-01 00:01:51.573,2025-10-01,114024.22783550054,57718901820.70616,0.07278671212076482
2025-09-30 23:00:42.176,2025-09-30,113941.29371405822,57951420649.40067,-0.36646315405711727
2025-09-30 22:02:01.276,2025-09-30,114360.38237831357,58378932168.00649,-0.22526607211781347
2025-09-30 21:02:37.088,2025-09-30,114618.57914948085,57444270603.44735,0.11063559847959148
2025-09-30 20:02:25.069,2025-09-30,114491.9103392663,56740789101.480804,0.7456926429122213
2025-09-30 19:02:18.018,2025-09-30,113644.47187342969,55545362722.607704,0.26556133321691267
2025-09-30 18:02:02.079,2025-09-30,113343.47542896615,55584916803.72932,0.44296915161217143
2025-09-30 17:01:29.261,2025-09-30,112843.61303366242,55327856067.6129,-0.2301341982044014
2025-09-30 16:02:26.209,2025-09-30,113103.90379580077,56879848307.46406,-0.4018081606330104
2025-09-30 15:02:22.020,2025-09-30,113560.19793834805,56271481704.740425,0.24181882005966937
2025-09-30 14:02:15.094,2025-09-30,113286.25046418571,59401240646.93363,0.11694823526637865
2025-09-30 13:02:09.316,2025-09-30,113153.91895283562,60937576014.3701,0.05593089974418319
2025-09-30 12:01:22.003,2025-09-30,113090.666325633,61452843348.529854,0.049346519906801056
2025-09-30 11:02:16.030,2025-09-30,113034.88754235029,61702578889.885796,0.1281479752810677
2025-09-30 10:02:32.043,2025-09-30,112890.22100983586,60376761384.69447,-0.5256861930236778
2025-09-30 09:01:44.901,2025-09-30,113486.80547713279,59543176475.09739,-0.22553160199842992
2025-09-30 08:01:25.874,2025-09-30,113743.3326373963,59964485203.87368,-0.23018319816858757
2025-09-30 07:02:12.795,2025-09-30,114005.75472972944,59825454276.051765,0.09239605412854068
2025-09-30 06:02:17.043,2025-09-30,113900.5151481005,59606884255.388916,-0.19756719301682324
2025-09-30 05:01:30.384,2025-09-30,114125.99066435872,58222309892.80595,-0.22902135536205792
2025-09-30 04:01:47.388,2025-09-30,114387.96352880343,58591532095.292145,-0.07194015730245251
2025-09-30 03:02:18.454,2025-09-30,114470.31365250966,58763238858.86955,0.10101248604761359
2025-09-30 02:01:58.221,2025-09-30,114354.80102507943,58981598730.30158,-0.20668150403641006
2025-09-30 01:01:54.468,2025-09-30,114591.64075168502,58891883699.462364,0.24712837027864865
2025-09-30 00:01:15.755,2025-09-30,114309.15041119447,57833295882.65785,0.09589066551649594
2025-09-29 23:02:06.322,2025-09-29,114199.64361291657,59472095802.84539,-0.025214789525962455
2025-09-29 22:02:21.536,2025-09-29,114228.4460751732,61827530609.20346,-0.09368016765889386
2025-09-29 21:02:52.696,2025-09-29,114335.55581555494,61740518202.87761,0.05941984080080065
2025-09-29 20:02:22.667,2025-09-29,114267.65815499244,60798391650.99954,0.16488033715336137
2025-09-29 19:02:11.137,2025-09-29,114079.5633862581,59244929837.63786,-0.028464376035353123
2025-09-29 18:02:21.546,2025-09-29,114112.04466775396,58434064749.30291,0.30768776945846454
2025-09-29 17:02:40.623,2025-09-29,113762.01286786977,56475920613.11476,-0.09741673749013025
2025-09-29 16:01:23.019,2025-09-29,113872.94417496897,56208211334.83302,-0.2787144349451709
2025-09-29 15:02:55.980,2025-09-29,114191.21156503951,54433374560.10672,0.8680908695957834
2025-09-29 14:02:13.895,2025-09-29,113208.45926653664,49612167413.89193,1.0151000704764268
2025-09-29 13:02:14.236,2025-09-29,112070.82821038946,45599429304.64713,-0.029494080835290593
2025-09-29 12:02:23.129,2025-09-29,112103.89222298122,44978048814.98537,-0.0634245580718007
2025-09-29 11:06:21.443,2025-09-29,112175.03874557247,44146474388.04604,0.05587195785110577
2025-09-29 10:01:46.640,2025-09-29,112112.39935306006,43170698718.10946,-0.023215238499796342
2025-09-29 09:02:15.943,2025-09-29,112138.43255762824,42586480647.867645,0.20902530070541214
2025-09-29 08:01:39.992,2025-09-29,111904.52379027267,40351938124.81626,0.22254737247733303
2025-09-29 07:01:48.626,2025-09-29,111656.03621546281,38253440438.836266,-0.09577277006798113
2025-09-29 06:00:33.385,2025-09-29,111763.0748081197,37504501952.35571,-0.05824057624277401
2025-09-29 05:01:55.029,2025-09-29,111828.20419864693,36404585164.00249,-0.03464257519976144
2025-09-29 04:01:20.586,2025-09-29,111866.95779362427,35253307791.714836,0.0914857214544984
2025-09-29 03:00:57.241,2025-09-29,111764.70904322455,34662632159.81127,-0.05926556007893602
2025-09-29 02:01:56.840,2025-09-29,111830.98630359917,33371414965.304455,-0.38841952991830464
2025-09-29 01:00:20.002,2025-09-29,112267.05346492075,32000507202.963085,0.11100140951594284
2025-09-29 00:02:21.418,2025-09-29,112142.57362752674,31274654338.51212,0.15445901015334051
2025-09-28 23:01:45.972,2025-09-28,111969.62645083838,28864991942.706272,1.102752782625127
2025-09-28 22:02:27.230,2025-09-28,110748.34598379082,26087984144.51387,-0.08501489674861418
2025-09-28 21:02:34.484,2025-09-28,110842.57868761559,25514263292.577106,0.43885030431438654
2025-09-28 20:02:35.029,2025-09-28,110358.27107914866,24099657323.191513,0.05190592271284711
2025-09-28 19:02:42.308,2025-09-28,110301.01831782913,23634621575.23306,0.0687449708631993
2025-09-28 18:02:48.855,2025-09-28,110225.24400595334,23608652980.669292,-0.010259442412441366
2025-09-28 17:02:37.176,2025-09-28,110236.55366169372,22943691078.094193,0.18825469971728293
2025-09-28 16:02:35.361,2025-09-28,110029.41811102814,21739899003.418762,0.12561008379370353
2025-09-28 15:02:38.924,2025-09-28,109891.38345219177,20930380911.975216,0.21808205596967056
2025-09-28 14:02:40.709,2025-09-28,109652.25156755622,20962923563.222614,0.2848825022934598
2025-09-28 13:02:39.499,2025-09-28,109340.75887763893,20932254803.685513,-0.0718133036789359
2025-09-28 12:02:43.691,2025-09-28,109419.33651805612,20562972319.965004,0.024947656514329175
2025-09-28 11:03:00.222,2025-09-28,109392.04576622437,19905091614.38797,-0.1452591320667107
2025-09-28 10:02:33.909,2025-09-28,109551.17885780206,20740798323.761166,-0.011436004273912559
2025-09-28 09:01:57.002,2025-09-28,109563.70856819658,21385824705.89193,0.01970196120730794
2025-09-28 08:02:23.137,2025-09-28,109542.12662090406,21653058472.362328,0.0960074558945756
2025-09-28 07:01:11.976,2025-09-28,109437.05888486285,22201041669.53931,0.050626751452576
2025-09-28 06:02:30.932,2025-09-28,109381.68249233282,22252175066.039948,-0.027525385542770398
2025-09-28 05:02:35.898,2025-09-28,109411.79851170245,22345988183.713078,-0.04998865544154629
2025-09-28 04:03:01.617,2025-09-28,109466.51935288562,22779862124.290745,-0.03313401016153961
2025-09-28 03:02:35.503,2025-09-28,109502.8020224349,23352244219.94321,0.09995529783166646
2025-09-28 02:02:47.696,2025-09-28,109393.45746621619,23137930500.519444,-0.25897962692025267
2025-09-28 01:02:56.820,2025-09-28,109677.49984613317,23562181214.64779,0.002148755852426909
2025-09-28 00:02:26.332,2025-09-28,109675.14319507511,23211636962.190052,0.05254260724174564
2025-09-27 23:02:23.719,2025-09-27,109617.54727774093,23486570851.59034,0.0856397258836239
2025-09-27 22:03:10.814,2025-09-27,109523.75143723261,23592437016.309605,0.09710839691132733
2025-09-27 21:02:43.710,2025-09-27,109417.49785912114,24011500215.142704,-0.0346432471349134
2025-09-27 20:02:49.377,2025-09-27,109455.4167696552,24824145188.95308,-0.0015904111890230332
2025-09-27 19:01:51.234,2025-09-27,109457.15758853668,26955976966.877247,0.039925977663268775
2025-09-27 18:01:50.363,2025-09-27,109413.47318967037,28607589246.180046,0.025518820075332016
2025-09-27 17:02:35.024,2025-09-27,109385.55928560787,30319947618.35997,-0.044135502129560855
2025-09-27 16:00:33.243,2025-09-27,109433.85846854272,30907886951.27576,0.11889122279502562
2025-09-27 15:02:53.013,2025-09-27,109303.9057184713,32017507240.66069,-0.04278527652240571
2025-09-27 14:02:05.871,2025-09-27,109350.69171430042,34916126516.01293,-0.06307653939934266
2025-09-27 13:06:55.956,2025-09-27,109419.70988071398,37552027744.14717,0.07047793059329344
2025-09-27 12:02:29.823,2025-09-27,109342.64744553846,39703338738.197975,-0.12231097187347384
2025-09-27 11:01:32.091,2025-09-27,109476.54927693262,41394515509.02962,0.13404877414671112
2025-09-27 10:02:42.696,2025-09-27,109329.99376052197,43137515315.53113,-0.020484047734969923
2025-09-27 09:03:14.406,2025-09-27,109352.39355701752,43736951749.29123,-0.08921273905678762
2025-09-27 08:03:09.704,2025-09-27,109450.036932864,44404930593.170975,-0.13723996098091717
2025-09-27 07:03:18.208,2025-09-27,109600.45255118015,48130877926.28814,-0.0743428865301321
2025-09-27 06:01:44.110,2025-09-27,109681.99331101133,49596696622.889244,-0.017908775203101523
2025-09-27 05:03:07.235,2025-09-27,109701.63953102907,51224956248.59843,0.08382623961491475
2025-09-27 04:02:54.416,2025-09-27,109609.75779282032,51465834917.08056,0.14970910042253482
2025-09-27 03:01:38.642,2025-09-27,109445.90730953793,51761616934.93429,-0.021033312087670453
2025-09-27 02:01:03.437,2025-09-27,109468.93225169746,53092771923.48507,-0.1842228039494742
2025-09-27 01:01:02.155,2025-09-27,109670.9711899422,53614142846.02244,-0.035764727078269054
2025-09-27 00:02:35.947,2025-09-27,109710.20874667744,55257214020.568245,0.09034560351377507
2025-09-26 23:00:46.369,2025-09-26,109611.1798647101,57986955379.576836,0.12414417688355606
2025-09-26 22:02:52.296,2025-09-26,109475.27268853989,59373860813.326645,0.1578706616811809
2025-09-26 21:02:21.154,2025-09-26,109302.71576792157,59455391690.73445,0.04008169474625234
2025-09-26 20:02:37.193,2025-09-26,109258.92293994574,59898483359.67166,-0.46861400681948995
2025-09-26 19:02:21.329,2025-09-26,109773.33616898666,60490330338.321266,-0.07497253841884932
2025-09-26 18:02:53.030,2025-09-26,109855.69777420572,65316216107.75435,0.3163480530366636
2025-09-26 17:02:32.927,2025-09-26,109509.26733908382,69156731270.32907,0.3761073300533102
2025-09-26 16:01:47.541,2025-09-26,109098.93823537027,70270039906.44243,0.11760123844917203
2025-09-26 15:03:05.212,2025-09-26,108970.78724002819,70779334038.09286,-0.6867827225534695
2025-09-26 14:02:28.813,2025-09-26,109724.35515365671,70222276957.1973,0.35801862231914505
2025-09-26 13:02:20.669,2025-09-26,109332.92292924419,73806053677.26248,0.1676155210231567
2025-09-26 12:02:36.129,2025-09-26,109149.97063726392,73661931000.72516,0.1560936016939074
2025-09-26 11:02:31.434,2025-09-26,108979.8600485931,73031032366.74115,-0.5651156655219425
2025-09-26 10:02:36.584,2025-09-26,109599.22242380022,72120023628.01938,-0.01454835958366596
2025-09-26 09:00:47.240,2025-09-26,109615.16963283665,73063173667.57353,0.21150952123776268
2025-09-26 08:01:57.984,2025-09-26,109383.81245480188,72731738429.44026,-0.06043138899487488
2025-09-26 07:02:15.581,2025-09-26,109449.95458261041,69375052659.39679,0.11654302153525364
2025-09-26 06:02:49.805,2025-09-26,109322.54678336979,68435642919.577095,-0.06944089336743398
2025-09-26 05:02:05.774,2025-09-26,109398.5140888838,69445958565.37444,-0.19391889650540728
2025-09-26 04:03:49.709,2025-09-26,109611.07066757012,72179561002.99254,-0.050709481931277
2025-09-26 03:02:20.182,2025-09-26,109666.68207390101,74044900702.26761,-0.023281527713925332
2025-09-26 02:02:29.333,2025-09-26,109692.22009852328,74364977620.55045,0.15201444130981123
2025-09-26 01:02:40.686,2025-09-26,109525.72517930144,75959066457.41418,0.5159478980202303
2025-09-26 00:02:51.233,2025-09-26,108963.53013595635,74481796351.47305,-0.34351894725924703
2025-09-25 23:00:05.874,2025-09-25,109339.13076690925,73166077789.98601,-0.09477516213702852
2025-09-25 22:01:23.759,2025-09-25,109442.85541057201,73137005782.79773,0.24954089556123993
2025-09-25 21:02:48.689,2025-09-25,109170.43054051315,72141703498.80771,-0.28209659750644267
2025-09-25 20:01:55.637,2025-09-25,109479.26783003664,71726430202.09698,-0.3298917390910372
2025-09-25 19:02:42.770,2025-09-25,109841.62628122164,61772900983.63929,0.769043688361637
2025-09-25 18:02:04.130,2025-09-25,109003.34295214499,64655393468.89045,-1.795890070404027
2025-09-25 17:00:30.680,2025-09-25,110996.72206213279,58955220666.107025,-0.5549200883141814
2025-09-25 16:02:10.267,2025-09-25,111616.10223522937,58433509932.93361,0.056414226486523056
2025-09-25 15:02:12.370,2025-09-25,111553.17037703996,59319166547.16703,0.43644481289542014
2025-09-25 14:02:33.865,2025-09-25,111068.41802779266,58416871509.48676,-0.09724311337915292
2025-09-25 13:01:44.909,2025-09-25,111176.52954647054,53555310286.87088,-0.16796114760346814
2025-09-25 12:02:22.491,2025-09-25,111363.57708856076,51578223294.49482,-0.279104520696849
2025-09-25 11:02:37.593,2025-09-25,111675.26780951743,51427720799.29156,0.0040230707616384365
2025-09-25 10:02:37.792,2025-09-25,111670.77521521045,50783759955.59293,-0.060603674495429694
2025-09-25 09:02:06.120,2025-09-25,111738.49284770197,49587715934.874916,-0.04576147545517495
2025-09-25 08:02:15.348,2025-09-25,111789.6494406922,49391113284.61913,0.22060043379037442
2025-09-25 07:06:55.571,2025-09-25,111543.58381093993,48678423658.081024,-0.17295472416786195
2025-09-25 06:02:08.740,2025-09-25,111736.83795081165,48558173231.97512,0.0108382680678476
2025-09-25 05:01:36.464,2025-09-25,111724.72892519266,48077815294.21009,-0.7271983893781142
2025-09-25 04:01:41.804,2025-09-25,112543.14083268348,47225773968.90465,-0.2936152164519923
2025-09-25 03:02:27.344,2025-09-25,112874.55770962182,47737795253.74484,0.3044460163432072
2025-09-25 02:02:20.570,2025-09-25,112531.95864441592,48094847077.71018,-0.5538124393329902
2025-09-25 01:02:54.157,2025-09-25,113158.64529825837,46634782065.56293,-0.1398882459384354
2025-09-25 00:02:18.953,2025-09-25,113317.1626894919,46524713093.00272,-0.037805607086049964
2025-09-24 23:01:43.079,2025-09-24,113360.01913291797,46276942976.16221,-0.08107419309455466
2025-09-24 22:02:27.549,2025-09-24,113451.99942600224,46103451893.56187,-0.057768381426481774
2025-09-24 21:02:27.838,2025-09-24,113517.57669269216,45983397416.154785,0.025195675052502864
2025-09-24 20:02:28.721,2025-09-24,113488.98237747196,46699715339.89239,-0.1517471539336568
2025-09-24 19:03:11.556,2025-09-24,113661.46040876168,47609930333.29552,-0.15072747791557983
2025-09-24 18:02:52.644,2025-09-24,113833.03807608844,49401238004.15167,0.11117709903432083
2025-09-24 17:02:16.486,2025-09-24,113706.62235194765,49888623465.78147,0.2516862270538045
2025-09-24 16:02:45.387,2025-09-24,113421.15692141138,49429997285.681725,-0.3978338328799014
2025-09-24 15:02:14.374,2025-09-24,113874.18696407137,48846920353.42314,0.8170202623123846
2025-09-24 14:02:41.575,2025-09-24,112951.35153547088,48099302480.714325,-0.11553843011790077
2025-09-24 13:01:50.286,2025-09-24,113082.00470845688,47464854859.59681,0.042200224354327354
2025-09-24 12:02:37.303,2025-09-24,113034.30397858057,47323113228.65397,0.06628151780982972
2025-09-24 11:03:10.605,2025-09-24,112959.43275204314,46783304984.28977,0.17009618112768798
2025-09-24 10:02:50.863,2025-09-24,112767.6193380006,46690325911.682915,0.1829257101230386
2025-09-24 09:02:43.466,2025-09-24,112561.71502147091,47420186665.61281,-0.017281327812479486
2025-09-24 08:00:44.381,2025-09-24,112581.1705426075,48221048719.55986,-0.03497950106839953
2025-09-24 07:02:20.643,2025-09-24,112620.56465422397,48962935345.031296,-0.04072775926753369
2025-09-24 06:02:24.791,2025-09-24,112666.45117523389,47890432105.72198,0.4337955755124412
2025-09-24 05:02:10.368,2025-09-24,112179.82007911289,49222040165.12777,0.4159194446468062
2025-09-24 04:01:31.120,2025-09-24,111715.17494390001,44604546924.185234,-0.31588424975791396
2025-09-24 03:02:33.952,2025-09-24,112069.18384449702,46941090551.57536,-0.3503292901600341
2025-09-24 02:03:28.066,2025-09-24,112463.17528817552,45835637287.0159,0.20362758652481272
2025-09-24 01:02:05.972,2025-09-24,112234.63461047327,46427577075.88707,0.20729298420048003
2025-09-24 00:01:53.900,2025-09-24,112002.46136592985,46102035931.6177,-0.15502913266058904
2025-09-23 23:02:14.591,2025-09-23,112176.36741538407,45875675603.96433,0.019409946435366976
2025-09-23 22:02:02.646,2025-09-23,112154.59826793546,45877112058.02715,0.2575408950703517
2025-09-23 21:02:41.713,2025-09-23,111866.49629210096,46258736198.371704,0.18652167836537004
2025-09-23 20:00:56.774,2025-09-23,111658.22948842609,46659030028.176125,-0.1268740949556979
2025-09-23 19:01:18.568,2025-09-23,111800.07482151568,43165669311.80472,-0.15240582308045925
2025-09-23 18:02:00.545,2025-09-23,111970.72472614372,41835840633.54192,-0.7845199620789778
2025-09-23 17:01:39.963,2025-09-23,112856.10338562846,42012249057.42829,-0.06144803561244361
2025-09-23 16:01:38.790,2025-09-23,112925.49388332541,41779384066.47386,0.15150620131854087
2025-09-23 15:02:44.050,2025-09-23,112754.66357573232,42311164702.384254,-0.20767256381225563
2025-09-23 14:02:05.411,2025-09-23,112989.31137549963,46696146610.62545,0.016573349045523322
2025-09-23 13:01:48.516,2025-09-23,112970.58836557103,51200405634.42728,-0.03172747700647127
2025-09-23 12:03:16.492,2025-09-23,113006.44245861792,48314164965.278564,0.016611182943249148
2025-09-23 11:02:08.525,2025-09-23,112987.67386940816,52321198821.48908,0.0011412327701965097
2025-09-23 10:02:36.953,2025-09-23,112986.38443176316,52733263367.11353,-0.14806605520025773
2025-09-23 09:03:05.271,2025-09-23,113153.92698775811,52298867873.10315,0.05167899271192322
2025-09-23 08:02:58.851,2025-09-23,113095.48038269361,55491395893.7197,0.03575485990587879
2025-09-23 07:00:26.792,2025-09-23,113055.05770519462,57207518573.06727,0.27578005376811543
2025-09-23 06:02:11.140,2025-09-23,112744.13187768195,66223636665.936455,0.17576113451100994
2025-09-23 05:02:24.901,2025-09-23,112546.31919022283,67016180427.48185,0.14542547999247812
2025-09-23 04:01:22.559,2025-09-23,112382.88583906197,66338636275.07761,0.40179430182731846
2025-09-23 03:03:06.034,2025-09-23,111933.14484123376,64400915078.80244,-0.31775085289827976
2025-09-23 02:02:42.583,2025-09-23,112289.94710588173,65579497519.04107,-0.1537908668147403
2025-09-23 01:03:01.074,2025-09-23,112462.90478199099,66705129491.333015,-0.20373336251569008
2025-09-23 00:01:56.947,2025-09-23,112692.49699542265,69429706182.08765,-0.003508434594168275
2025-09-22 23:02:41.272,2025-09-22,112696.45087669161,68842168768.64662,-0.23231742062675975
2025-09-22 22:02:31.786,2025-09-22,112958.87401918201,68921153875.42883,0.23476115883493964
2025-09-22 21:03:12.190,2025-09-22,112694.31154745216,68944579346.92174,0.46191258364893795
2025-09-22 20:02:48.761,2025-09-22,112176.15576810564,66915333594.0054,-0.28402909706907176
2025-09-22 19:03:05.852,2025-09-22,112495.67622151937,63211364250.6304,0.06071131303047039
2025-09-22 18:03:15.218,2025-09-22,112427.42005859553,62660761686.71587,-0.2276575300195094
2025-09-22 17:02:33.190,2025-09-22,112683.95356400768,60858787797.25721,-0.1776320629823136
2025-09-22 16:03:03.570,2025-09-22,112884.4725814408,60592249335.068275,-0.12890085796157802
2025-09-22 15:02:33.319,2025-09-22,113030.16943960388,58937369008.865074,0.09611685303101414
2025-09-22 14:02:55.205,2025-09-22,112921.63271984232,55291957568.85921,0.13928201464350476
2025-09-22 13:02:27.943,2025-09-22,112764.57195222315,52831602673.29494,-0.10151798478371665
2025-09-22 12:03:05.897,2025-09-22,112879.16460537122,51216185776.88994,0.016071130293449087
2025-09-22 11:05:56.403,2025-09-22,112861.02656274178,50173150487.30245,0.392282257108012
2025-09-22 10:02:51.867,2025-09-22,112420.02276001745,48575068887.97433,-0.2505499741713213
2025-09-22 09:00:38.343,2025-09-22,112702.3985905766,46511108354.65488,0.09706488628224985
2025-09-22 08:02:55.150,2025-09-22,112593.11021618362,43851280317.92231,-0.19670995914747857
2025-09-22 07:02:58.935,2025-09-22,112815.02861288023,37610870868.86914,-0.6878955736000392
2025-09-22 06:02:22.652,2025-09-22,113596.45358888479,28806991874.81359,-0.7230663096036039
2025-09-22 05:06:40.185,2025-09-22,114423.81363544632,26460506036.549435,-0.23525986149317557
2025-09-22 04:02:15.230,2025-09-22,114693.64173814096,26070083245.261196,0.3716241737230286
2025-09-22 03:02:03.479,2025-09-22,114268.990546202,25185621824.221996,-0.057302286336868846
2025-09-22 02:02:02.246,2025-09-22,114334.5068326891,19757524536.14541,-0.08305061797779789
2025-09-22 01:02:41.945,2025-09-22,114429.54127386621,21432619712.754875,-0.7169327545560433
2025-09-22 00:02:50.618,2025-09-22,115255.84820116173,18831181465.700207,-0.28450381223732446
2025-09-21 23:01:58.395,2025-09-21,115584.69105357188,18388796128.706375,0.076442470179372
2025-09-21 22:04:47.394,2025-09-21,115496.4027503412,18221846974.68684,0.11016594310968575
2025-09-21 21:02:16.166,2025-09-21,115369.30506735465,18563300394.47989,-0.13869158083513744
2025-09-21 20:02:55.683,2025-09-21,115529.5348055079,18637077355.30464,-0.02801925919133641
2025-09-21 19:02:45.765,2025-09-21,115561.91439782949,19059835148.71192,-0.06892467579828754
2025-09-21 18:03:08.051,2025-09-21,115641.62000950893,18888245836.5574,0.22447417086481902
2025-09-21 17:02:21.471,2025-09-21,115382.61583928157,18954931645.529022,-0.16902725403216134
2025-09-21 16:02:35.804,2025-09-21,115577.97411519449,18729472761.127373,0.02990041162667101
2025-09-21 15:02:26.112,2025-09-21,115543.42615516653,19310565906.102074,-0.13635763820311064
2025-09-21 14:02:35.051,2025-09-21,115701.1935700915,19097061279.142586,-0.015423652637747143
2025-09-21 13:02:16.831,2025-09-21,115719.0416731149,19247247876.719032,0.037386889219881425
2025-09-21 12:01:46.390,2025-09-21,115675.79409212345,19138756819.0334,0.09821799099474227
2025-09-21 11:02:06.508,2025-09-21,115562.29113142668,19359859510.85899,-0.09487336573408278
2025-09-21 10:02:30.861,2025-09-21,115672.03308242503,19467224529.965187,-0.006853579544485733
2025-09-21 09:02:43.551,2025-09-21,115679.9613005898,19288879208.572807,-0.14649404843806169
2025-09-21 08:02:54.162,2025-09-21,115849.67417839603,19358674955.83361,0.091323842670743
2025-09-21 07:02:02.445,2025-09-21,115743.97233519975,19382217277.727425,0.018104991854017705
2025-09-21 06:01:56.413,2025-09-21,115723.02069173029,18937379830.742092,0.15950428918232173
2025-09-21 05:02:03.418,2025-09-21,115538.73145938573,19078310176.188637,-0.14124019830975554
2025-09-21 04:02:32.597,2025-09-21,115702.14940465351,19099190047.346073,-0.014372123955264104
2025-09-21 03:00:34.259,2025-09-21,115718.78065124822,19140679974.796143,0.1518640702481866
2025-09-21 02:02:36.939,2025-09-21,115543.31187493537,18618365756.71649,-0.1496983613670566
2025-09-21 01:02:48.513,2025-09-21,115716.53763560657,18321080276.468204,-0.0054947770938174045
2025-09-21 00:02:02.867,2025-09-21,115722.89635080755,18387970280.886112,-0.08233368767662785
2025-09-20 23:02:21.849,2025-09-20,115818.25379015566,18716354062.7165,-0.028306887735840558
2025-09-20 22:00:00.264,2025-09-20,115851.04761614517,18748676851.67651,0.0782564035171962
2025-09-20 21:01:39.609,2025-09-20,115760.45764529692,18776372874.48133,0.014378922538171857
2025-09-20 20:00:37.979,2025-09-20,115743.81493180516,19422969029.450607,-0.006958493799169574
2025-09-20 19:01:59.485,2025-09-20,115751.86951846803,19861880531.283478,-0.10612316419221779
2025-09-20 18:03:16.072,2025-09-20,115874.83956471676,20661711329.690548,-0.17952740315754223
2025-09-20 17:02:36.385,2025-09-20,116083.2407924125,21565547831.517956,0.06249166541749673
2025-09-20 16:03:11.820,2025-09-20,116010.74374658203,22170502560.145416,-0.05369523692583256
2025-09-20 15:02:28.639,2025-09-20,116073.06945623364,23820232299.27425,0.10788114865396548
2025-09-20 14:02:38.183,2025-09-20,115947.9834398576,25524388466.50475,0.0480983987096506
2025-09-20 13:02:41.557,2025-09-20,115892.24112764648,26840852597.796715,-0.03687404242262993
2025-09-20 12:03:07.270,2025-09-20,115934.99104542725,27914563824.915714,0.12985414031094766
2025-09-20 11:01:59.066,2025-09-20,115784.63989667728,28203350326.41683,0.055165247519806115
2025-09-20 10:02:59.120,2025-09-20,115720.80222969536,29044874563.419106,-0.07247219015397155
2025-09-20 09:02:57.166,2025-09-20,115804.7284527069,29531702179.873707,-0.15510569454963985
2025-09-20 08:03:20.958,2025-09-20,115984.62721431848,29462773354.86715,0.1990038820474327
2025-09-20 07:02:13.335,2025-09-20,115754.27171996003,30347089369.157692,0.0022070100146764915
2025-09-20 06:00:20.112,2025-09-20,115751.71706797219,31043062379.165318,0.12179752943504152
2025-09-20 05:02:51.913,2025-09-20,115610.90584090051,31327384917.622707,0.10539631244808056
2025-09-20 04:01:47.385,2025-09-20,115489.18449916203,32125591204.141808,-0.11964069219380091
2025-09-20 03:03:02.079,2025-09-20,115627.52206692945,32930408144.552456,-0.0025979124603781045
2025-09-20 02:02:28.638,2025-09-20,115630.52604677362,33647188292.858692,-0.10981467385617893
2025-09-20 01:01:53.063,2025-09-20,115757.64492701381,33326884161.41503,0.08706706219816507
2025-09-20 00:02:21.198,2025-09-20,115656.94582205842,34101993633.45404,0.005538723515607913
2025-09-19 23:02:27.154,2025-09-19,115650.54025838921,35139749529.03353,0.10133276804373814
2025-09-19 22:03:54.909,2025-09-19,115533.46699826297,35727065161.22559,0.08419912986856737
2025-09-19 21:02:04.164,2025-09-19,115436.27066281217,36537815391.606445,0.24218356446488176
2025-09-19 20:01:53.270,2025-09-19,115157.37841901269,35354023647.40123,-0.2845455752399806
2025-09-19 19:06:24.261,2025-09-19,115485.9886898518,35671233813.112755,-0.1145767737909198
2025-09-19 18:02:43.017,2025-09-19,115618.46059190473,36189920266.86422,-0.423950860707456
2025-09-19 17:01:32.684,2025-09-19,116110.71295886741,36736856041.19046,0.20706580386584683
2025-09-19 16:01:49.901,2025-09-19,115870.78418814257,37111324461.97587,-0.09144882445581981
2025-09-19 15:03:01.520,2025-09-19,115976.84364829991,36792868713.49937,-0.28724779499401665
2025-09-19 14:01:45.392,2025-09-19,116310.94427105524,36682632736.63493,0.08882752757324308
2025-09-19 13:00:33.832,2025-09-19,116207.71982668396,37238622111.66515,-0.16767463545143135
2025-09-19 12:01:54.573,2025-09-19,116402.8979614958,36796875617.414185,-0.12016810904966757
2025-09-19 11:02:43.394,2025-09-19,116542.94541523207,36650229218.85489,-0.0017188418371727465
2025-09-19 10:02:50.251,2025-09-19,116544.94863856838,36722428250.0276,-0.35524628250505064
2025-09-19 09:01:38.193,2025-09-19,116960.44627596506,36315346053.201065,0.002703131807213488
2025-09-19 08:02:19.833,2025-09-19,116957.2847663997,36766335137.43057,0.13255962208327254
2025-09-19 07:05:08.542,2025-09-19,116802.45187760674,36649111501.16873,-0.12292541841472104
2025-09-19 06:02:48.108,2025-09-19,116946.2084937178,37131662896.24163,-0.0891863896394951
2025-09-19 05:02:53.292,2025-09-19,117050.60169942482,37591827176.607666,0.042141588043209666
2025-09-19 04:03:05.632,2025-09-19,117001.29549547189,38484410871.78634,-0.13764112339551549
2025-09-19 03:02:33.933,2025-09-19,117162.55935837168,42075891383.90606,-0.07135744121870014
2025-09-19 02:02:21.132,2025-09-19,117246.22326321788,42316674493.47497,-0.17151229896136266
2025-09-19 01:00:45.212,2025-09-19,117447.66044572467,42776674557.88971,0.23772689728476237
2025-09-19 00:03:04.296,2025-09-19,117169.11793707692,43746882355.192566,0.18857181886937635
2025-09-18 23:02:21.122,2025-09-18,116948.58586157573,46048527705.33784,-0.394760685361506
2025-09-18 22:02:55.116,2025-09-18,117412.08260355875,46569175734.93297,-0.139374123338587
2025-09-18 21:04:00.959,2025-09-18,117575.95305738947,47199876078.91339,0.0819702367765629
2025-09-18 20:06:52.546,2025-09-18,117479.65470626247,49240543469.764336,-0.31525409316391917
2025-09-18 19:02:11.262,2025-09-18,117851.18539205311,49637726491.424446,0.2074493629486751
2025-09-18 18:02:57.160,2025-09-18,117607.20998415927,57859053826.865364,-0.03176671793382324
2025-09-18 17:03:25.443,2025-09-18,117644.58180662621,58419556814.20957,-0.02705975797993032
2025-09-18 16:00:55.855,2025-09-18,117676.42476236634,58398105416.391525,-0.05049167569566304
2025-09-18 15:03:13.983,2025-09-18,117735.87157682037,57904547130.305244,0.15532967918154839
2025-09-18 14:02:30.993,2025-09-18,117553.27644964374,58880400547.1142,0.31004997434462833
2025-09-18 13:02:52.774,2025-09-18,117189.92910452069,58567297331.572235,0.08904676293270963
2025-09-18 12:02:20.779,2025-09-18,117085.66810721309,58444343835.31697,-0.12649707672324206
2025-09-18 11:01:45.328,2025-09-18,117233.96564668287,58829684909.53122,-0.08216645265074485
2025-09-18 10:03:21.595,2025-09-18,117330.37185111486,58521442279.54452,0.07154948463292676
2025-09-18 09:01:59.701,2025-09-18,117246.48259706644,58773483376.879906,0.12440483760367549
2025-09-18 08:02:44.184,2025-09-18,117100.80353259912,59561309391.2171,0.016236138525749233
2025-09-18 07:02:52.154,2025-09-18,117081.79397034168,59907295481.11192,-0.11547234495757897
2025-09-18 06:02:57.922,2025-09-18,117217.1473590896,60400382919.82099,-0.23577848857970762
2025-09-18 05:07:26.529,2025-09-18,117494.17334517208,61336003135.48781,-0.21131341720259655
2025-09-18 04:02:37.207,2025-09-18,117742.98005985272,59956258425.20108,0.6615684727964588
2025-09-18 03:06:39.301,2025-09-18,116969.14904686039,55496989103.208305,0.17767605557375
2025-09-18 02:02:55.470,2025-09-18,116761.69147901927,56245567760.85501,0.32691057331402096
2025-09-18 01:02:16.203,2025-09-18,116381.22893627378,55762118207.6105,-0.06415949398581589
2025-09-18 00:02:52.110,2025-09-18,116455.94648225319,54740952295.37868,-0.3486514612038749
2025-09-17 23:02:51.417,2025-09-17,116863.39240749434,53400177583.04877,0.5587625650167904
2025-09-17 22:06:51.613,2025-09-17,116214.03190192967,51945791823.37835,0.4878592127043113
2025-09-17 21:01:44.192,2025-09-17,115649.82358310322,51384819616.61451,-0.06190411662941875
2025-09-17 20:02:04.857,2025-09-17,115721.45993062394,51419887868.62224,0.457619944012988
2025-09-17 19:01:57.494,2025-09-17,115194.3078037463,46395643422.91092,-0.7215943704936167
2025-09-17 18:02:26.116,2025-09-17,116031.58519047528,43305941243.58076,0.271843410095296
2025-09-17 17:02:28.167,2025-09-17,115717.01610782724,42694921417.26861,-0.1533219081091719
2025-09-17 16:00:42.024,2025-09-17,115894.70808566172,42642079667.47687,0.22521868413756252
2025-09-17 15:02:04.553,2025-09-17,115634.27808614414,43181452398.74214,-0.4814967849724794
2025-09-17 14:03:05.739,2025-09-17,116193.74724346046,42792441329.20971,-0.0041373939917765945
2025-09-17 13:01:35.627,2025-09-17,116198.55483548675,41376703176.1348,-0.06985917631290306
2025-09-17 12:02:27.236,2025-09-17,116279.78693685924,43034232494.8556,-0.08820775637135014
2025-09-17 11:00:57.252,2025-09-17,116382.44528065142,43145342503.53168,-0.19212747670332986
2025-09-17 10:02:37.489,2025-09-17,116606.4783652071,42856900099.616234,-0.232011375386032
2025-09-17 09:01:31.391,2025-09-17,116877.6478033946,42684323306.41412,-0.2967263014856836
2025-09-17 08:01:49.896,2025-09-17,117225.48665434263,42447258847.48946,-0.0265220380849418
2025-09-17 07:01:05.825,2025-09-17,117256.58549060355,42063629744.95919,0.08008578713594172
2025-09-17 06:02:04.771,2025-09-17,117162.75477621086,41314158339.29596,0.724588310120744
2025-09-17 05:01:59.779,2025-09-17,116319.91427503152,41299646985.9808,-0.08867064830828664
2025-09-17 04:02:32.112,2025-09-17,116423.14743464273,41204215580.393486,-0.26501803799283685
2025-09-17 03:01:42.025,2025-09-17,116732.50964139415,41130448921.51387,0.037697499148925395
2025-09-17 02:00:32.647,2025-09-17,116688.52098718812,39811614395.47432,0.05071164358678715
2025-09-17 01:02:47.493,2025-09-17,116629.3763135545,40029836518.38705,-0.14351887754689985
2025-09-17 00:02:23.026,2025-09-17,116797.00205991932,40115655622.62766,-0.06499834256520343
2025-09-16 23:00:15.778,2025-09-16,116872.96755173472,39664499347.41602,0.08280466908938688
2025-09-16 22:02:26.235,2025-09-16,116776.27134667119,39833155767.7843,-0.09112578658101445
2025-09-16 21:02:05.078,2025-09-16,116882.78170087388,39661069939.59686,0.06707196269644111
2025-09-16 20:02:41.347,2025-09-16,116804.43867134045,39332483289.269325,0.3004271472729414
2025-09-16 19:00:50.088,2025-09-16,116454.5775062696,40360277692.69581,-0.0701403663450173
2025-09-16 18:00:28.989,2025-09-16,116536.31650559162,40048616535.375435,0.32532205447801665
2025-09-16 17:02:20.382,2025-09-16,116158.42752272532,37993256616.02765,0.20682334472907904
2025-09-16 16:01:31.236,2025-09-16,115918.68063027997,35850242938.02665,0.5706408541038988
2025-09-16 15:02:43.751,2025-09-16,115260.95453487385,37303511799.486275,0.21027704418181692
2025-09-16 14:02:15.297,2025-09-16,115019.09578002297,37708863603.52448,-0.3584734632843922
2025-09-16 13:02:51.518,2025-09-16,115432.89206598123,37426830817.05819,0.07552324382480435
2025-09-16 12:02:51.237,2025-09-16,115345.7791919205,38294705937.00996,-0.045208153415532415
2025-09-16 11:06:31.061,2025-09-16,115397.94847350479,38901598775.39803,-0.07554935954287023
2025-09-16 10:02:30.142,2025-09-16,115485.19680005405,39388529411.383865,-0.1731138853701908
2025-09-16 09:02:13.582,2025-09-16,115685.4644022894,40578375325.26583,-0.19367933810612303
2025-09-16 08:02:30.463,2025-09-16,115909.95804182389,43798028733.04608,0.13490996424103674
2025-09-16 07:00:02.950,2025-09-16,115753.79463886896,44764374278.99859,-0.19794806265683862
2025-09-16 06:02:33.105,2025-09-16,115983.38149554328,45145238710.85522,0.4296945404448138
2025-09-16 05:02:40.101,2025-09-16,115487.13956192977,44750270507.292984,0.0765738482740197
2025-09-16 04:02:46.174,2025-09-16,115398.77427960283,45417329282.90237,0.27519203658579183
2025-09-16 03:02:38.044,2025-09-16,115082.07756660205,45649282229.20124,0.010970783929442618
2025-09-16 02:02:30.553,2025-09-16,115069.45354548478,46004229451.8095,-0.013534829936012738
2025-09-16 01:01:09.225,2025-09-16,115085.03010859179,46026666356.61969,-0.23549115277003985
2025-09-16 00:02:12.908,2025-09-16,115356.68489564986,46807932859.599625,0.049353601317747575
2025-09-15 23:02:15.705,2025-09-15,115299.78030175949,47565314127.02235,-0.17997358714554323
2025-09-15 22:02:24.842,2025-09-15,115507.66358734564,47886757392.98212,0.16641822269889417
2025-09-15 21:02:47.117,2025-09-15,115315.75715379852,47896278407.373184,0.0014406579529557817
2025-09-15 20:01:57.993,2025-09-15,115314.09587210546,47455741908.59865,-0.035279258134313096
2025-09-15 19:01:40.991,2025-09-15,115354.79218701142,45307392637.09746,0.3839309875367958
2025-09-15 18:02:46.067,2025-09-15,114913.60325521955,44202859625.26764,0.18971645264145298
2025-09-15 17:00:35.789,2025-09-15,114696.00606119882,43629411836.05817,-0.08904330147961881
2025-09-15 16:03:04.032,2025-09-15,114798.22619184008,43334118302.919136,-0.03644470069702477
2025-09-15 15:02:39.051,2025-09-15,114840.07931502667,42236995724.06903,-0.0029831185338946575
2025-09-15 14:02:50.157,2025-09-15,114843.50523291624,41639020643.25443,0.08591414098728656
2025-09-15 13:01:24.790,2025-09-15,114744.92311789298,40016023763.74983,-0.25090133334958464
2025-09-15 12:03:39.535,2025-09-15,115033.54381311937,39474621935.37945,0.20220531912265027
2025-09-15 11:00:28.962,2025-09-15,114801.40925717361,38469742570.424126,-0.09555639363850732
2025-09-15 10:02:53.047,2025-09-15,114911.21426941568,37547819500.401436,0.05282533473680573
2025-09-15 09:03:10.656,2025-09-15,114850.5440850557,35041345893.44181,-0.8132235242901298
2025-09-15 08:02:38.802,2025-09-15,115792.1934414128,34807335769.31358,-0.32358511036766346
2025-09-15 07:02:40.860,2025-09-15,116168.09610340101,33001039126.227722,-0.3295903764738539
2025-09-15 06:02:04.567,2025-09-15,116552.24107354402,31275068229.252655,0.44153091769745245
2025-09-15 05:03:09.463,2025-09-15,116039.88908636587,29713439847.194588,0.4663019750180686
2025-09-15 04:01:18.993,2025-09-15,115501.3042235996,29021195184.166424,0.07333072842672372
2025-09-15 03:02:45.175,2025-09-15,115416.66833998004,28861084755.55805,0.16910001703867028
2025-09-15 02:00:40.747,2025-09-15,115221.82820884661,28864368636.141514,0.12361388263995021
2025-09-15 01:01:04.862,2025-09-15,115079.57387944871,28220847770.468597,-0.17260681373154618
2025-09-15 00:02:16.596,2025-09-15,115278.55251586219,27220055788.518738,-0.6487200668216841
2025-09-14 23:02:29.909,2025-09-14,116031.2706523723,25807919933.674305,0.05658010814439951
2025-09-14 22:02:42.564,2025-09-14,115965.65715814185,25226365370.478874,0.09558822087978314
2025-09-14 21:01:05.532,2025-09-14,115854.91350751821,25168198213.51609,0.15648704219635157
2025-09-14 20:02:21.702,2025-09-14,115673.89884462305,25354505973.73003,0.20199566154719406
2025-09-14 19:02:37.860,2025-09-14,115440.71361146877,25350405820.19855,-0.1538875805795148
2025-09-14 18:01:42.783,2025-09-14,115618.63633362162,25683632141.11577,0.08089908298578585
2025-09-14 17:06:25.299,2025-09-14,115525.17752438669,25794190939.555363,0.22588598693742412
2025-09-14 16:01:41.826,2025-09-14,115264.81046966574,27126518487.08089,-0.13797088896617682
2025-09-14 15:03:02.402,2025-09-14,115424.06207419037,27022097313.045414,0.07719908417651578
2025-09-14 14:03:03.108,2025-09-14,115335.02449154813,26500523287.13805,-0.41610276646502076
2025-09-14 13:02:44.371,2025-09-14,115816.94199120873,25801853481.989372,-0.056874977468801546
2025-09-14 12:02:43.745,2025-09-14,115882.85033622767,25544563541.34226,-0.16088154869311477
2025-09-14 11:02:41.958,2025-09-14,116069.58488194742,25339098638.977535,-0.06395938175974836
2025-09-14 10:02:48.483,2025-09-14,116143.86978301249,25645447534.06462,0.14644533848737762
2025-09-14 09:02:53.749,2025-09-14,115974.03122043426,25824418518.983032,0.14944831025118788
2025-09-14 08:02:56.063,2025-09-14,115800.96862956286,26294619162.387634,0.01591078931042489
2025-09-14 07:02:27.439,2025-09-14,115782.5467124972,26052500287.489452,-0.12830488596099476
2025-09-14 06:02:23.630,2025-09-14,115931.29222477932,26526546998.04295,0.10736316620043596
2025-09-14 05:01:42.725,2025-09-14,115806.95820776705,26688654812.575615,0.03061656073719554
2025-09-14 04:02:34.025,2025-09-14,115771.51295218767,27074410013.745617,-0.11823275209378314
2025-09-14 03:00:01.850,2025-09-14,115908.55482647114,27905464105.750793,-0.09686822722370092
2025-09-14 02:02:45.664,2025-09-14,116020.94225644319,28385596759.163612,0.04165776794726739
2025-09-14 01:03:41.245,2025-09-14,115972.63064708588,29257543245.062157,-0.0019458927087767641
2025-09-14 00:01:52.178,2025-09-14,115974.8873939637,29926419199.882915,0.05194374133572488
2025-09-13 23:02:14.659,2025-09-13,115914.67697398618,30611408283.074455,0.010246604260011338
2025-09-13 22:03:07.780,2025-09-13,115902.80087265448,31686124383.11382,-0.06277680949577924
2025-09-13 21:02:37.176,2025-09-13,115975.60665830794,32221220696.281986,0.11911326440354753
2025-09-13 20:01:54.246,2025-09-13,115837.62867738264,33937325651.704777,0.12870205166390924
2025-09-13 19:02:05.801,2025-09-13,115688.73490201971,36780065818.55725,0.10476849205782734
2025-09-13 18:02:54.699,2025-09-13,115567.65641109124,39118105161.7167,0.19493395080607545
2025-09-13 17:02:46.879,2025-09-13,115342.81410658239,42229979328.19011,-0.3811339925388513
2025-09-13 16:02:52.275,2025-09-13,115784.10669515507,40471018133.68665,-0.05070793022031728
2025-09-13 15:01:42.113,2025-09-13,115842.8482057885,40577501636.31029,0.06437600333450977
2025-09-13 14:02:14.948,2025-09-13,115768.32118748053,41714037284.562386,-0.2520341904690193
2025-09-13 13:01:37.877,2025-09-13,116060.83417133584,41807169717.99939,0.03462061083097101
2025-09-13 12:02:12.834,2025-09-13,116020.66710769299,42934882251.098724,0.00271293311264742
2025-09-13 11:02:43.344,2025-09-13,116017.51962998649,43623617461.42896,-0.048099743209606416
2025-09-13 10:02:14.685,2025-09-13,116073.3506135664,43464807094.87435,0.03984116470108212
2025-09-13 09:02:35.122,2025-09-13,116027.12405597334,43819984835.82638,0.1715845389975934
2025-09-13 08:01:56.989,2025-09-13,115828.38046332698,44779235201.74647,0.03268698763774225
2025-09-13 07:03:11.576,2025-09-13,115790.53202643781,45758736912.356064,0.03989667780643913
2025-09-13 06:02:31.028,2025-09-13,115744.35387449336,45919330748.24745,-0.01440235756924313
2025-09-13 05:02:06.190,2025-09-13,115761.02619141128,46605177266.40548,-0.19494005071705178
2025-09-13 04:02:59.076,2025-09-13,115987.13156450838,47055114297.91255,0.049530736741165704
2025-09-13 03:01:48.947,2025-09-13,115929.71072468456,46800124755.77798,0.09663723918549305
2025-09-13 02:02:30.447,2025-09-13,115817.78761225037,47813937383.62305,-0.4145473082867279
2025-09-13 01:02:40.260,2025-09-13,116299.90574103985,48147139362.012344,0.12031863163115553
2025-09-13 00:02:30.890,2025-09-13,116160.14344594491,51192951485.864395,0.05612395948715321
2025-09-12 23:02:39.610,2025-09-12,116094.98634284323,51462903459.96362,0.12390663595467366
2025-09-12 22:00:21.908,2025-09-12,115951.31496911978,52235378768.63887,-0.21928541102932408
2025-09-12 21:01:43.796,2025-09-12,116206.13807664244,51574037209.66879,-0.4272122078793128
2025-09-12 20:03:27.777,2025-09-12,116704.71486571954,50163323989.10392,0.18592832889374744
2025-09-12 19:02:23.134,2025-09-12,116488.13043144876,47639640170.23462,0.5329974652123592
2025-09-12 18:02:48.958,2025-09-12,115870.54337234636,45853472829.52729,0.31948519859306135
2025-09-12 17:02:23.182,2025-09-12,115501.53307003953,44228270379.57474,0.31145394819542815
2025-09-12 16:01:27.205,2025-09-12,115142.91591236314,43787039349.77964,-0.12396181433347309
2025-09-12 15:01:11.665,2025-09-12,115285.82631433172,43805069543.26806,0.08958918744599309
2025-09-12 14:02:39.203,2025-09-12,115182.63512744215,46344725792.592834,0.005981731039139682
2025-09-12 13:02:51.250,2025-09-12,115175.7456241166,47266042820.75881,0.20092452829156837
2025-09-12 12:01:16.911,2025-09-12,114944.79334030187,51392091965.945694,-0.022686864267618123
2025-09-12 11:02:25.697,2025-09-12,114970.87662702953,51138051983.7861,-0.006018899340431982
2025-09-12 10:02:30.254,2025-09-12,114977.79702489631,51454762843.37338,-0.09794051632645573
2025-09-12 09:02:44.701,2025-09-12,115090.51727175506,51590265196.06254,-0.04637963576086257
2025-09-12 08:02:37.781,2025-09-12,115143.92060273138,49958661649.62895,-0.16970128475810586
2025-09-12 07:03:05.554,2025-09-12,115339.65347651657,49380350028.38388,-0.27387975567899625
2025-09-12 06:02:47.846,2025-09-12,115656.41297780728,49716272610.759,0.1953789094256697
2025-09-12 05:02:00.681,2025-09-12,115430.88537282546,49223007403.148895,0.2021201603123579
2025-09-12 04:02:23.377,2025-09-12,115198.04689576305,49484083557.887856,-0.10722708447433726
2025-09-12 03:02:20.659,2025-09-12,115321.70299565145,49310735354.19669,-0.19017805465104676
2025-09-12 02:02:39.108,2025-09-12,115541.43745371678,48176762392.79872,-0.4665534677363192
2025-09-12 01:00:47.600,2025-09-12,116083.02684089626,47006314447.44143,0.5020297069548985
2025-09-12 00:02:11.931,2025-09-12,115503.16663193036,43752917632.95067,0.21832382905631054
2025-09-11 23:02:35.315,2025-09-11,115251.54504573994,43393437573.56153,0.6282675914811575
2025-09-11 22:02:36.526,2025-09-11,114531.97774766892,42231783237.31435,0.11330982233679343
2025-09-11 21:02:41.482,2025-09-11,114402.34864966485,42186406288.7932,-0.029309373663255478
2025-09-11 20:02:34.225,2025-09-11,114435.8890920037,43499749675.91096,0.11028182695702604
2025-09-11 19:01:46.198,2025-09-11,114309.82612735903,44054219538.495605,-0.20673060728517711
2025-09-11 18:02:17.055,2025-09-11,114546.6290692586,44846968363.72728,0.0411406082600152
2025-09-11 17:00:16.404,2025-09-11,114499.52326893095,45496316499.198685,0.3178001584863255
2025-09-11 16:02:38.478,2025-09-11,114136.79634924185,46051715019.616745,-0.3165945202635134
2025-09-11 15:02:16.287,2025-09-11,114499.29484245343,46336762109.96738,0.2780932826332627
2025-09-11 14:02:47.248,2025-09-11,114181.76302947623,45835923981.73499,0.11970684991755576
2025-09-11 13:00:11.356,2025-09-11,114045.24306152646,48341262504.78811,0.024960997653611372
2025-09-11 12:00:44.973,2025-09-11,114016.78333491352,48413045033.40435,-0.05092907343197117
2025-09-11 11:02:33.513,2025-09-11,114074.88061462918,48023116856.1557,0.13926335774754328
2025-09-11 10:00:58.161,2025-09-11,113916.23703791054,48591128752.32454,-0.12213976755826028
2025-09-11 09:02:30.436,2025-09-11,114055.54421450144,49887935707.18387,-0.01886991968125251
2025-09-11 08:02:31.948,2025-09-11,114077.07046607311,51374613734.276115,-0.2904395549616412
2025-09-11 07:02:56.015,2025-09-11,114409.3605035541,52437078279.3295,0.11912722954723343
2025-09-11 06:01:38.161,2025-09-11,114273.22997057601,52805895542.127495,0.09222916942042136
2025-09-11 05:01:42.786,2025-09-11,114167.93383345696,52660225486.65195,-0.21997427989607354
2025-09-11 04:01:45.613,2025-09-11,114419.6275852975,51568336264.120445,0.49884390359336006
2025-09-11 03:01:16.610,2025-09-11,113851.68539357337,51035046351.914856,-0.06456983143849904
2025-09-11 02:01:57.331,2025-09-11,113925.24673335499,51363112126.71929,0.02314472055222616
2025-09-11 01:02:22.679,2025-09-11,113898.88515467383,52049526397.57356,-0.0888032113220305
2025-09-11 00:02:24.417,2025-09-11,114000.12092296442,52047696607.98891,0.05663146885954706
2025-09-10 23:02:16.643,2025-09-10,113935.59752053465,51746634488.03162,0.04416056448952599
2025-09-10 22:02:37.931,2025-09-10,113885.30512691998,51533670689.32447,0.2283678461479477
2025-09-10 21:02:43.267,2025-09-10,113625.82028845928,51951866216.179276,0.19662177222612431
2025-09-10 20:02:38.220,2025-09-10,113402.84560367846,51864103098.48528,-0.16653539734901024
2025-09-10 19:02:33.877,2025-09-10,113592.01651974638,50787900427.00627,-0.12539408672097574
2025-09-10 18:02:41.235,2025-09-10,113734.63302411242,50170441556.32816,0.05491108527879707
2025-09-10 17:02:45.040,2025-09-10,113672.21437753727,49643553581.71262,-0.20345118409241802
2025-09-10 16:02:47.240,2025-09-10,113903.95331929345,49641977902.90345,0.011208007727825375
2025-09-10 15:02:56.153,2025-09-10,113891.18838609783,52033947424.315186,-0.03792385169648638
2025-09-10 14:03:27.515,2025-09-10,113934.39669773277,51793903166.468666,0.44782142532016067
2025-09-10 13:01:50.368,2025-09-10,113426.4487582137,51452890699.151825,1.0432687078313574
2025-09-10 12:02:35.564,2025-09-10,112255.32408911726,44940483568.56,-0.05866903617416375
2025-09-10 11:01:35.220,2025-09-10,112321.22186740591,44799883844.167,0.06364555922091508
2025-09-10 10:04:31.275,2025-09-10,112249.77986728513,44897884525.894356,-0.10138527138490172
2025-09-10 09:02:37.039,2025-09-10,112363.70010957935,45835673354.145256,-0.1464058506027488
2025-09-10 08:02:39.241,2025-09-10,112528.44834154386,43245970383.44663,0.6109314930911491
2025-09-10 07:00:00.000,2025-09-10,111845.15109003942,43198025362.00265,0.2489511349536233
2025-09-10 06:01:44.524,2025-09-10,111567.4027745938,44548341283.4381,0.0409890823471315
2025-09-10 05:01:39.509,2025-09-10,111521.6910568116,43934536585.05142,-0.003798293976553513
2025-09-10 04:02:20.585,2025-09-10,111525.92713938442,44370196791.008965,0.11524166885104048
2025-09-10 03:00:35.162,2025-09-10,111397.55074284918,44660584625.431725,0.3372732103141374
2025-09-10 02:01:45.193,2025-09-10,111023.09957073671,44626236787.933395,-0.03512643587911812
2025-09-10 01:02:21.837,2025-09-10,111062.11173220031,44978803418.54875,-0.41196748377128056
2025-09-10 00:01:58.797,2025-09-10,111521.54423183508,45541394285.09113,0.003087398522305662
2025-09-09 23:02:13.353,2025-09-09,111518.10122362581,45424092678.953285,0.1943813536783523
2025-09-09 22:01:36.633,2025-09-09,111301.75137263995,45284255715.50244,-0.05158485593554918
2025-09-09 21:02:28.074,2025-09-09,111359.19585339191,45499174158.74415,0.035881341237931075
2025-09-09 20:01:51.690,2025-09-09,111319.25301235504,43608542000.67873,0.15590803126781516
2025-09-09 19:06:24.550,2025-09-09,111145.96752255705,44837927181.55925,0.10305355292814511
2025-09-09 18:01:50.813,2025-09-09,111031.54556997617,44643447645.77995,0.050040449276123056
2025-09-09 17:02:20.509,2025-09-09,110976.01267464506,41964080078.288536,0.09541441979050713
2025-09-09 16:02:18.185,2025-09-09,110870.22649131795,43827326027.7457,-0.7693461489182485
2025-09-09 15:02:25.704,2025-09-09,111729.81552424721,42409238010.4897,-0.9266924728009274
2025-09-09 14:01:28.094,2025-09-09,112774.8919592429,40173764386.15783,0.08714766430604204
2025-09-09 13:01:58.540,2025-09-09,112676.69684972118,40704219432.97959,0.1565942966820666
2025-09-09 12:00:40.406,2025-09-09,112500.52744001287,40322510845.64381,-0.19229644309989302
2025-09-09 11:06:41.451,2025-09-09,112717.27875782315,40438918723.15573,-0.1806885043966311
2025-09-09 10:02:53.726,2025-09-09,112921.314592305,40952314424.657425,-0.027051440947445382
2025-09-09 09:03:15.191,2025-09-09,112951.8697006361,41757607589.55739,-0.10475679895681766
2025-09-09 08:02:03.129,2025-09-09,113070.31854691613,42320796290.59368,-0.037682224225110694
2025-09-09 07:02:58.293,2025-09-09,113112.94201935548,41121725757.800415,0.8669183374350853
2025-09-09 06:01:56.217,2025-09-09,112140.77309366502,39136969373.14936,0.10012177883098605
2025-09-09 05:02:26.616,2025-09-09,112028.60805847727,38533245274.096085,0.29151716379987036
2025-09-09 04:02:39.597,2025-09-09,111702.97471470888,37921869431.4049,0.3736512850196716
2025-09-09 03:02:49.021,2025-09-09,111287.14885295804,38290383173.37138,-0.10766091084788432
2025-09-09 02:00:32.178,2025-09-09,111407.09074159958,37649577071.57709,-0.2194143306528229
2025-09-09 01:02:25.940,2025-09-09,111652.0713866927,37397075617.940674,-0.3330122433723659
2025-09-09 00:00:42.077,2025-09-09,112025.12878118771,37159847899.8603,-0.17635219196671104
2025-09-08 23:02:34.306,2025-09-08,112223.03656606357,37455213029.59858,-0.0445392558946045
2025-09-08 22:02:49.617,2025-09-08,112273.04214360457,37435716033.792336,0.22126596553413425
2025-09-08 21:02:48.021,2025-09-08,112025.1685727209,36622800327.520905,-0.03763668004697074
2025-09-08 20:02:28.143,2025-09-08,112067.347001549,36462958354.82013,-0.34581200994106
2025-09-08 19:02:46.056,2025-09-08,112456.23416521978,36065437915.983536,0.2226889342689775
2025-09-08 18:01:44.037,2025-09-08,112206.36301124805,35654370162.469406,-0.2031168962638885
2025-09-08 17:02:50.366,2025-09-08,112434.7369592822,35280246316.75314,-0.14822219635863831
2025-09-08 16:04:02.848,2025-09-08,112601.63757963854,34512590778.7366,0.10000387389221821
2025-09-08 15:02:18.876,2025-09-08,112489.14407785248,32829126346.94566,0.44008360476341934
2025-09-08 14:02:36.256,2025-09-08,111996.26686941311,31034974436.0205,-0.025155867287440792
2025-09-08 13:01:22.509,2025-09-08,112024.44759077854,28815570715.281376,-0.041867755885105495
2025-09-08 12:02:32.891,2025-09-08,112071.36935811849,28753634662.115593,0.04639306818909894
2025-09-08 11:01:59.697,2025-09-08,112019.40012143513,28051676353.453552,-0.023488244481784104
2025-09-08 10:01:05.734,2025-09-08,112045.71769353836,26973898736.619606,0.37211871534279517
2025-09-08 09:02:09.078,2025-09-08,111630.32037940944,25947750847.363655,0.341890597103367
2025-09-08 08:03:11.771,2025-09-08,111249.96720226432,25643053103.267696,0.0898639671108592
2025-09-08 07:02:31.739,2025-09-08,111150.0833279388,25002503890.298523,0.11650266751164207
2025-09-08 06:01:40.640,2025-09-08,111020.74120294617,25077337807.208366,0.061617084385701126
2025-09-08 05:02:07.561,2025-09-08,110952.3755840546,25093707651.39224,-0.08412261706131074
2025-09-08 04:00:00.000,2025-09-08,111045.79020891474,24424182103.01884,-0.17991474360651294
2025-09-08 03:02:16.472,2025-09-08,111245.9380531357,23783939273.510925,0.3496089395947921
2025-09-08 02:02:40.459,2025-09-08,110858.36729079825,23312743691.560066,0.019897210488806216
2025-09-08 01:01:38.575,2025-09-08,110836.31395611238,22779262875.978676,-0.26704803497453744
2025-09-08 00:02:07.086,2025-09-08,111133.09269636446,21988077810.186073,-0.12439356604878604
2025-09-07 23:02:14.758,2025-09-07,111271.50729228156,21459138328.813354,0.15758883435621485
2025-09-07 22:05:31.023,2025-09-07,111096.43172052184,21271491889.944855,-0.2060101214443888
2025-09-07 21:02:11.218,2025-09-07,111325.77408290895,21317052372.698402,0.08399186167138417
2025-09-07 20:02:33.704,2025-09-07,111232.34796307397,21110412010.819794,0.15738532887270562
2025-09-07 19:01:36.735,2025-09-07,111057.5596575689,21183633148.85097,0.07983179516612982
2025-09-07 18:00:47.830,2025-09-07,110968.97113583378,21077256334.334625,-0.20893299948243627
2025-09-07 17:02:06.397,2025-09-07,111201.3073627705,21031718901.14799,-0.13127545164336452
2025-09-07 16:02:44.718,2025-09-07,111347.47926907448,22707578383.229313,0.20579456032419063
2025-09-07 15:02:54.926,2025-09-07,111118.80281737895,23210507598.653305,-0.07526825507433443
2025-09-07 14:00:44.693,2025-09-07,111202.50300098678,22839885033.798103,0.07767330820163121
2025-09-07 13:02:14.457,2025-09-07,111116.19537609039,22798556282.876648,-0.14732002508327513
2025-09-07 12:02:11.486,2025-09-07,111280.13329637531,22693351671.805378,0.041707825580439284
2025-09-07 11:02:40.755,2025-09-07,111233.74012205859,22620597540.48732,0.10175935812020143
2025-09-07 10:01:47.596,2025-09-07,111120.66444717823,22363390960.647243,0.03549693897175743
2025-09-07 09:02:27.833,2025-09-07,111081.23400933287,21795550900.528606,0.32182562043332474
2025-09-07 08:00:25.454,2025-09-07,110724.89293566853,20333740487.523045,0.182448712105443
2025-09-07 07:06:26.947,2025-09-07,110523.24469913781,19256214557.531918,-0.12397089803334316
2025-09-07 06:01:39.926,2025-09-07,110660.43142974885,19268019536.141872,0.0876609301834641
2025-09-07 05:02:15.879,2025-09-07,110563.51042806412,19160352766.61847,-0.05029223002008809
2025-09-07 04:02:46.700,2025-09-07,110619.14326203972,19301596873.710617,-0.04310933481578294
2025-09-07 03:02:27.533,2025-09-07,110666.85100536971,19661219149.333897,0.07696380932777913
2025-09-07 02:02:12.075,2025-09-07,110581.74308347162,19400177876.567787,0.19374614875828922
2025-09-07 01:01:58.687,2025-09-07,110367.90950933227,19240307881.05413,0.13071179386012766
2025-09-07 00:02:17.296,2025-09-07,110223.83395870344,19347672148.33057,0.04409673913856604
2025-09-06 23:02:07.526,2025-09-06,110175.25026599839,19485066431.506992,-0.0544774985385299
2025-09-06 22:02:14.384,2025-09-06,110235.30370196157,19891442753.546387,0.05533955662062606
2025-09-06 21:02:55.860,2025-09-06,110174.33371417443,22365801629.629494,0.10863717841216314
2025-09-06 20:02:44.905,2025-09-06,110054.77331373848,23410399016.24091,-0.1915391561541302
2025-09-06 19:02:31.580,2025-09-06,110265.97583337485,25240147712.461895,0.08178750446052874
2025-09-06 18:03:04.384,2025-09-06,110175.86574226645,25706003423.81639,-0.07290595766645813
2025-09-06 17:02:43.915,2025-09-06,110256.24911657201,26772458462.536053,-0.14590204347307845
2025-09-06 16:02:46.462,2025-09-06,110417.35028698956,25700447380.075794,-0.37440963752617407
2025-09-06 15:02:18.567,2025-09-06,110832.31716394494,27598857485.673916,-0.10150483463425841
2025-09-06 14:02:41.596,2025-09-06,110944.93163333445,34569889763.94294,0.100910307665103
2025-09-06 13:01:36.883,2025-09-06,110833.08962160254,38704981967.74746,0.05689003811000237
2025-09-06 12:05:43.984,2025-09-06,110770.07248515126,44459477448.36168,0.0031028186404213898
2025-09-06 11:02:05.458,2025-09-06,110766.63559733458,44820230415.71124,0.06252831626403221
2025-09-06 10:06:12.321,2025-09-06,110697.41836548288,45895052664.64397,-0.22628026547745206
2025-09-06 09:01:42.910,2025-09-06,110948.47286442367,46653323093.22982,0.1184108485472235
2025-09-06 08:00:18.841,2025-09-06,110817.2532145556,48616091927.56959,0.040068723178943166
2025-09-06 07:01:32.833,2025-09-06,110772.86794074306,52468079435.18894,0.04240739577450192
2025-09-06 06:02:30.726,2025-09-06,110725.91196503112,52338464271.293655,-0.11771649931313632
2025-09-06 05:02:29.789,2025-09-06,110856.40824808505,53616129175.04189,-0.19313881751465978
2025-09-06 04:01:28.975,2025-09-06,111070.9293275909,54533491619.667984,-0.029315467983537236
2025-09-06 03:00:04.301,2025-09-06,111103.49983851465,54295816799.40323,0.20710450369569866
2025-09-06 02:00:34.752,2025-09-06,110873.87504986444,55455746900.821976,0.08205862909242967
2025-09-06 01:01:46.826,2025-09-06,110782.9680650024,55910183111.029686,0.11446169508106951
2025-09-06 00:01:45.984,2025-09-06,110656.308978032,56279867722.83904,-0.14212996642691822
2025-09-05 23:01:46.139,2025-09-05,110813.80860700153,57671348597.39009,0.17129966131534946
2025-09-05 22:01:14.446,2025-09-05,110624.30953942804,60026179765.83012,-0.8914908930963694
2025-09-05 21:01:36.455,2025-09-05,111619.38620235208,56294798104.610176,0.1562525050709196
2025-09-05 20:02:13.483,2025-09-05,111445.2502071209,55265116440.76801,0.227108933377429
2025-09-05 19:00:22.497,2025-09-05,111192.72160309477,55354227177.276405,0.5255397634392978
2025-09-05 18:02:09.092,2025-09-05,110611.41463627842,55378751317.60669,-0.15361505834191602
2025-09-05 17:01:41.538,2025-09-05,110781.59184322049,55325252108.37847,0.10675673236271166
2025-09-05 16:02:31.198,2025-09-05,110663.4511588435,55743674674.83194,0.1350859959674322
2025-09-05 15:02:24.774,2025-09-05,110514.16200241748,55135744608.14827,-2.2293021887553888
2025-09-05 14:00:35.860,2025-09-05,113034.03215529391,51114731076.39385,-0.1686624481888832
2025-09-05 13:01:41.629,2025-09-05,113225.00021261438,48174590378.96761,0.768748926496654
2025-09-05 12:01:53.266,2025-09-05,112361.22450543038,42899424320.11482,0.09041149558379757
2025-09-05 11:01:05.918,2025-09-05,112259.72880567885,43209266819.80015,0.0007525639840855192
2025-09-05 10:02:46.344,2025-09-05,112258.88398574904,42803620360.907196,-0.3211030195370501
2025-09-05 09:02:08.103,2025-09-05,112620.51184991721,42163714659.18779,-0.3046754804797769
2025-09-05 08:01:21.653,2025-09-05,112964.68755449636,41636817232.30524,0.9506144480221135
2025-09-05 07:01:50.932,2025-09-05,111900.94104148331,38071660662.56971,0.3031372719388914
2025-09-05 06:02:29.751,2025-09-05,111562.752756278,38085323909.95735,0.10670527928311468
2025-09-05 05:02:29.608,2025-09-05,111443.83629951079,38544585266.21264,0.11038389519926195
2025-09-05 04:01:49.929,2025-09-05,111320.95589222391,38066054056.70661,-0.03969847912341784
2025-09-05 03:01:08.501,2025-09-05,111365.16616946645,39365765954.398,0.21775584321586106
2025-09-05 02:02:10.682,2025-09-05,111123.18893239835,38573284586.477776,0.5218053107047815
2025-09-05 01:02:10.018,2025-09-05,110546.35219584999,38685929829.03398,-0.1857204857524053
2025-09-05 00:02:23.793,2025-09-05,110752.04142516552,38212967193.45803,-0.662364299867102
2025-09-04 23:01:18.591,2025-09-04,111490.51479289168,34059018537.82736,0.857654777162753
2025-09-04 22:02:18.060,2025-09-04,110542.44225608995,36630907974.85427,0.1260861750975284
2025-09-04 21:02:37.381,2025-09-04,110403.23903480718,36649094667.6267,0.48177590529863146
2025-09-04 20:02:18.203,2025-09-04,109873.8930916779,36457082321.1991,-0.13580885394079978
2025-09-04 19:02:32.833,2025-09-04,110023.3144941601,36276085165.40989,0.20055593009531414
2025-09-04 18:01:55.923,2025-09-04,109803.09786995356,35850845547.280785,0.27888652952066106
2025-09-04 17:02:06.619,2025-09-04,109497.72346906656,36124744077.64989,-0.11569188361969518
2025-09-04 16:02:19.147,2025-09-04,109624.55017607489,35748504353.92695,-0.31395913164584677
2025-09-04 15:02:40.710,2025-09-04,109969.81043799862,35497795139.60502,-0.4335847725408515
2025-09-04 14:02:50.366,2025-09-04,110448.69917910869,35334162966.84137,-0.3038938451749962
2025-09-04 13:02:04.928,2025-09-04,110785.36909714933,35360484735.18598,-0.055016153225773134
2025-09-04 12:02:26.330,2025-09-04,110846.35249628387,36063388073.74252,0.18059497873790242
2025-09-04 11:02:07.548,2025-09-04,110646.5304182009,36485315732.230125,-0.14337450942384367
2025-09-04 10:00:46.715,2025-09-04,110805.39711272641,36297788281.80186,0.09045053115164237
2025-09-04 09:01:50.684,2025-09-04,110705.26361377492,36395455721.94865,0.18072720692059452
2025-09-04 08:01:17.204,2025-09-04,110505.55001973202,36276949140.78687,0.08694970385438872
2025-09-04 07:01:57.946,2025-09-04,110409.54924363771,36128291652.460686,-0.2505884738221664
2025-09-04 06:01:39.515,2025-09-04,110686.91790192894,36342875553.5102,-0.39643606490284977
2025-09-04 05:02:17.772,2025-09-04,111127.46726016133,35112664111.04018,-0.04515059552947509
2025-09-04 04:02:06.641,2025-09-04,111177.66463784108,34554673805.909584,-0.28251224097501915
2025-09-04 03:06:01.356,2025-09-04,111492.64500777487,34296026729.778328,-0.3229546528045413
2025-09-04 02:02:39.714,2025-09-04,111853.88232508626,34821233328.577614,-0.195335107376593
2025-09-04 01:02:30.937,2025-09-04,112072.79984901128,35507094876.159225,0.287380316688135
2025-09-04 00:02:12.999,2025-09-04,111751.64761020488,35744889958.41187,-0.1804758649870397
2025-09-03 23:00:51.790,2025-09-03,111953.69701327455,35815701332.95738,-0.0267997680562293
2025-09-03 22:02:36.107,2025-09-03,111983.70838738313,36983547604.365234,-0.21959514041518524
2025-09-03 21:01:43.614,2025-09-03,112230.16036562622,37368750339.47778,0.06592255458470753
2025-09-03 20:01:42.289,2025-09-03,112156.22411756216,37899748906.660835,0.1874010444769425
2025-09-03 19:02:42.883,2025-09-03,111946.43532850184,38513091871.041245,-0.38612998950374733
2025-09-03 18:02:13.257,2025-09-03,112380.36963798928,39107707422.446625,0.4633157815599809
2025-09-03 17:01:45.809,2025-09-03,111862.09489873982,38927035055.95668,-0.38216904163258514
2025-09-03 16:02:35.957,2025-09-03,112291.2372439524,40024806512.297,0.04802809764348215
2025-09-03 15:02:18.752,2025-09-03,112237.33178864852,40965697600.60015,0.5593635627323401
2025-09-03 14:02:08.206,2025-09-03,111613.00928344786,41678089153.817184,0.44845699316835574
2025-09-03 13:01:07.943,2025-09-03,111114.70760674683,44650050071.35739,-0.32042550004348636
2025-09-03 12:01:51.446,2025-09-03,111471.8919740125,46824208669.818794,0.038479188808238085
2025-09-03 11:01:34.069,2025-09-03,111429.0149929462,47463914140.75814,0.18721666733374498
2025-09-03 10:01:38.723,2025-09-03,111220.79113440216,47524222577.74422,0.1551257235291148
2025-09-03 09:02:23.543,2025-09-03,111048.52630450387,47409668671.6099,-0.013311544558636257
2025-09-03 08:03:05.322,2025-09-03,111063.31054657558,48387859950.49874,0.3138331032896069
2025-09-03 07:00:50.402,2025-09-03,110715.8475663248,48537235719.778854,0.023099999885234368
2025-09-03 06:02:24.677,2025-09-03,110690.27811220792,48170243574.75439,-0.29890704471329244
2025-09-03 05:02:04.872,2025-09-03,111022.13108320645,48453537307.840515,-0.04648561393296724
2025-09-03 04:02:18.432,2025-09-03,111073.76440450834,48905037738.05066,-0.33721377549915665
2025-09-03 03:02:54.300,2025-09-03,111449.58776719635,50339554440.62963,0.17180540986894144
2025-09-03 02:06:24.653,2025-09-03,111258.43974877219,51045799449.48229,-0.03134999934953919
2025-09-03 01:02:36.310,2025-09-03,111293.33020706818,51411197688.295265,0.09276728094813613
2025-09-03 00:02:05.883,2025-09-03,111190.18209845416,50235464642.845955,-0.022980089387525382
2025-09-02 23:03:10.238,2025-09-02,111215.73957482145,51731867645.593094,-0.012591820431029355
2025-09-02 22:02:51.730,2025-09-02,111229.74542463121,52260332540.92811,-0.1483874218348391
2025-09-02 21:02:41.867,2025-09-02,111395.0416549949,53616442866.75391,0.5803384498624053
2025-09-02 20:02:29.676,2025-09-02,110752.30345394339,53691743130.36534,-0.016789825736118758
2025-09-02 19:00:18.522,2025-09-02,110770.90169530436,53064032731.85176,-0.12684501858131192
2025-09-02 18:02:36.531,2025-09-02,110911.5875191018,52393664887.324005,0.20457889995699752
2025-09-02 17:02:37.694,2025-09-02,110685.14905874166,51533866868.92299,-0.06066954561875226
2025-09-02 16:02:53.325,2025-09-02,110752.34200139604,49852248517.37833,-0.4204577444666624
2025-09-02 15:03:03.871,2025-09-02,111219.97499967607,49060038252.72969,0.03608187475074853
2025-09-02 14:02:41.038,2025-09-02,111179.85922212347,45601955229.269356,2.188354610473331
2025-09-02 13:01:48.742,2025-09-02,108798.9523326062,41230783413.90047,-0.8448830080694303
2025-09-02 12:03:14.011,2025-09-02,109726.00873584817,39792321232.210625,-0.45196884863031306
2025-09-02 11:02:50.170,2025-09-02,110224.18772803468,39453595624.584114,-0.09008201128538618
2025-09-02 10:02:34.167,2025-09-02,110323.5694182885,40331103856.44672,-0.16136375037345552
2025-09-02 09:02:42.812,2025-09-02,110501.87939511362,41126399730.895424,0.23673123294907228
2025-09-02 08:02:20.751,2025-09-02,110240.90474210342,41440487238.99937,-0.12681043946384252
2025-09-02 07:02:46.343,2025-09-02,110380.87922012652,42909908661.92955,0.16442219874996944
2025-09-02 06:01:47.793,2025-09-02,110199.68647261267,42486808818.20932,-0.07551991727260399
2025-09-02 05:00:56.804,2025-09-02,110282.97208189468,43160571023.644066,-0.03659954147442468
2025-09-02 04:01:46.325,2025-09-02,110323.3499221054,41327857600.22205,0.17917996760459243
2025-09-02 03:02:17.258,2025-09-02,110126.0261441361,41133474526.634155,0.7120312777734394
2025-09-02 02:00:35.785,2025-09-02,109347.43818283039,42478070701.62437,0.36286710694539703
2025-09-02 01:02:48.255,2025-09-02,108952.08689715006,42252631533.02217,-0.25352938555567306
2025-09-02 00:01:41.321,2025-09-02,109229.01454657852,42975514422.98866,0.6885017620085421
2025-09-01 23:02:16.249,2025-09-01,108482.11328514619,42682976305.36794,0.8745027726639876
2025-09-01 22:02:49.981,2025-09-01,107541.65849979663,41358098301.05116,-1.1457852320686412
2025-09-01 21:02:29.368,2025-09-01,108788.1369067164,39790930249.986115,-0.38120281140190393
2025-09-01 20:02:57.594,2025-09-01,109204.42725358241,39354256060.9119,-0.0028299890907912406
2025-09-01 19:02:03.872,2025-09-01,109207.51781442288,38967802105.48368,0.2131100136306907
2025-09-01 18:02:08.376,2025-09-01,108975.28057912663,38848511275.559296,0.17450968231360608
2025-09-01 17:02:52.894,2025-09-01,108785.43945433143,37674181975.1417,0.018354958867572435
2025-09-01 16:02:21.157,2025-09-01,108765.47559602367,37767899828.509384,-0.32489567448777956
2025-09-01 15:02:49.312,2025-09-01,109120.00176174857,37973191179.64358,0.077184442324163
2025-09-01 14:00:34.233,2025-09-01,109035.84305435362,37681784866.612236,-0.0530889780351651
2025-09-01 13:02:21.473,2025-09-01,109093.75981654036,36288025415.475876,0.26453775586154915
2025-09-01 12:03:15.291,2025-09-01,108805.92705885452,36946032722.240685,0.3200906225035771
2025-09-01 11:02:39.678,2025-09-01,108458.76073645355,35637850441.66568,-0.9382897068365703
2025-09-01 10:02:13.227,2025-09-01,109486.05714102903,35279692317.00584,-0.09296408259988898
2025-09-01 09:00:30.775,2025-09-01,109587.934559032,34610030831.54151,-0.08555859151950784
2025-09-01 08:02:19.232,2025-09-01,109681.77674236635,32259670269.84683,1.4831419342523633
2025-09-01 07:02:49.849,2025-09-01,108078.81452214558,30186701046.11113,0.19260077070417658
2025-09-01 06:02:01.276,2025-09-01,107871.05404069647,29780527713.80739,0.42509348007775394
2025-09-01 05:02:44.431,2025-09-01,107414.44225002972,29693713477.104195,-0.2035913555509028
2025-09-01 04:02:26.682,2025-09-01,107633.57490420509,29546385809.233013,0.07197469569675263
2025-09-01 03:02:20.902,2025-09-01,107556.16168412984,28574809879.725266,-0.5615782892834265
2025-09-01 02:02:30.453,2025-09-01,108163.58489380409,27146392273.101738,-0.14488780239515497
2025-09-01 01:00:12.717,2025-09-01,108320.52812654947,26939745090.092907,0.0620462977962255
2025-09-01 00:01:24.782,2025-09-01,108253.36092385623,26140904019.246822,-0.5643719905024991
2025-08-31 23:02:10.273,2025-08-31,108867.78018188462,25405802959.944466,-0.14534755305376512
2025-08-31 22:01:38.716,2025-08-31,109026.24716432432,24831479032.902283,-0.03678438013977603
2025-08-31 21:02:37.565,2025-08-31,109066.36655120115,24902315647.423786,0.13186945551557638
2025-08-31 20:00:32.327,2025-08-31,108922.73073924262,24754526142.754795,-0.19146469009456712
2025-08-31 19:01:52.435,2025-08-31,109131.67937094519,24649517934.416943,0.13965292210422753
2025-08-31 18:01:11.785,2025-08-31,108979.48633378587,24300747401.85449,0.027865917278857566
2025-08-31 17:00:37.043,2025-08-31,108949.12666027468,24060525660.591053,0.1498008655262062
2025-08-31 16:02:21.408,2025-08-31,108786.16404496257,23763845555.553215,0.2988023311517374
2025-08-31 15:01:41.914,2025-08-31,108462.07683097602,23208644520.44194,0.10253131212110134
2025-08-31 14:02:18.122,2025-08-31,108350.98314626004,22706517324.76821,0.02535749277918775
2025-08-31 13:00:48.031,2025-08-31,108323.515018761,22917168746.38633,-0.05333482812004409
2025-08-31 12:03:42.688,2025-08-31,108381.3200095023,22529243338.752674,-0.1732420407039359
2025-08-31 11:02:06.758,2025-08-31,108569.40786727174,22739406517.75219,0.05491242629021009
2025-08-31 10:01:49.930,2025-08-31,108509.82249097874,21996852442.668564,-0.4548339957295089
2025-08-31 09:02:36.863,2025-08-31,109005.61709478054,21300151841.967514,0.2752061501248626
2025-08-31 08:02:44.758,2025-08-31,108706.45025808786,21849919398.95163,-0.007470371849682689
2025-08-31 07:00:59.485,2025-08-31,108714.57164084422,22719126887.276665,-0.010591613433608149
2025-08-31 06:02:43.952,2025-08-31,108726.08748773241,23313271591.01201,-0.06948537925475229
2025-08-31 05:01:41.261,2025-08-31,108801.68875379856,23401688003.84472,-0.34354100258404685
2025-08-31 04:02:43.963,2025-08-31,109176.75567483262,25402349785.580326,-0.025000150218978945
2025-08-31 03:00:42.817,2025-08-31,109204.05685309111,26814296856.504772,-0.22762994727115737
2025-08-31 02:01:57.846,2025-08-31,109453.20512620649,28102043551.20417,0.12037141414380503
2025-08-31 01:02:00.896,2025-08-31,109321.61315448761,29033453635.819065,0.49608950668664775
2025-08-31 00:01:31.633,2025-08-31,108781.95727925687,27799981330.792213,0.22108469512167606
2025-08-30 23:02:29.444,2025-08-30,108541.98755698749,27678509334.769215,-0.037105465585018926
2025-08-30 22:02:17.632,2025-08-30,108582.27751660284,28208799907.59237,-0.047767774081874936
2025-08-30 21:02:30.339,2025-08-30,108634.16964133283,29303586117.40271,-0.1745437410996198
2025-08-30 20:02:15.205,2025-08-30,108824.11532343693,31998341771.74229,-0.006348399119993076
2025-08-30 19:02:11.544,2025-08-30,108831.02435122912,33485365098.569847,0.04259262388517371
2025-08-30 18:02:25.139,2025-08-30,108784.69009733132,33964998632.29449,-0.06327069799629825
2025-08-30 17:06:16.442,2025-08-30,108853.56250612278,35045326213.40083,0.022741986023855354
2025-08-30 16:05:52.490,2025-08-30,108828.81267275482,36477452706.25169,0.12188280860208067
2025-08-30 15:02:34.465,2025-08-30,108696.33053225471,38790353534.64288,0.19020601949701899
2025-08-30 14:02:26.521,2025-08-30,108489.97606722396,45017094391.909134,-0.10544634848320689
2025-08-30 13:02:01.832,2025-08-30,108604.49554206168,45521842478.83767,-0.07929748680233217
2025-08-30 12:01:32.535,2025-08-30,108690.68452327688,47698491675.28313,0.2609446093311485
2025-08-30 11:02:58.802,2025-08-30,108407.80021252781,48368078193.23883,-0.1627722979100743
2025-08-30 10:02:55.412,2025-08-30,108584.54577285751,48347739138.0621,0.00924080677451311
2025-08-30 09:02:16.391,2025-08-30,108574.51261194066,50216160288.43795,0.0769171545674796
2025-08-30 08:02:23.680,2025-08-30,108491.06437226555,51662840812.54373,0.19213747444759566
2025-08-30 07:01:05.380,2025-08-30,108283.01212750797,53421451835.42833,-0.057617004439103336
2025-08-30 06:02:36.883,2025-08-30,108345.4375230552,54814126047.11579,-0.0903172202597946
2025-08-30 05:02:24.360,2025-08-30,108443.38056994171,53218662843.688416,0.0004157949522243243
2025-08-30 04:02:20.481,2025-08-30,108442.92966971411,53252521322.71203,0.6016627826808785
2025-08-30 03:02:34.887,2025-08-30,107794.37105723779,51875285237.248314,0.09714840071295416
2025-08-30 02:02:29.563,2025-08-30,107689.75218525807,53083147690.21834,-0.5143716136825072
2025-08-30 01:02:27.033,2025-08-30,108246.54166839329,51498913659.0893,-0.08223654653030099
2025-08-30 00:02:01.833,2025-08-30,108335.63315175903,51741794008.06818,0.062083703157278514
2025-08-29 23:02:29.328,2025-08-29,108268.4161096884,51844407718.36738,-0.164098097718679
2025-08-29 22:02:28.528,2025-08-29,108446.3745473655,51880448639.82971,0.696671760814227
2025-08-29 21:02:19.480,2025-08-29,107696.08632642716,50811940788.65954,-0.6086764297358216
2025-08-29 20:02:35.710,2025-08-29,108355.62145451456,47259531400.754684,0.23347116825502834
2025-08-29 19:02:28.319,2025-08-29,108103.23157683069,48061925178.644104,-0.39552315345691147
2025-08-29 18:02:46.331,2025-08-29,108532.50275425,48230422333.300644,-0.12115118888177401
2025-08-29 17:02:12.775,2025-08-29,108664.15066466853,48150774363.94828,0.2273071174748953
2025-08-29 16:01:50.634,2025-08-29,108417.70949438454,47333942473.832695,0.2033764311786479
2025-08-29 15:01:45.382,2025-08-29,108197.66095291973,45076627702.98817,-1.011685214229674
2025-08-29 14:00:35.093,2025-08-29,109303.46797708416,41377164300.95963,-1.2544999955619307
2025-08-29 13:02:48.834,2025-08-29,110692.1003713299,42420567743.667595,0.5714990428284716
2025-08-29 12:00:26.385,2025-08-29,110063.0908605544,39885681071.848145,0.022024436632461786
2025-08-29 11:02:08.708,2025-08-29,110038.85542257076,39827564101.86447,0.18651888918066462
2025-08-29 10:02:44.710,2025-08-29,109833.99427650348,40169446939.04035,0.14724258343246088
2025-08-29 09:03:03.017,2025-08-29,109672.50963999434,38816734490.17289,-0.34885703419367253
2025-08-29 08:02:52.950,2025-08-29,110056.44930497855,36760193445.6029,-1.054672509190413
2025-08-29 07:02:52.036,2025-08-29,111229.55686331021,35221913089.23817,-0.037344823900220536
2025-08-29 06:00:28.150,2025-08-29,111271.11086371409,34037493496.90648,-0.23840837471660326
2025-08-29 05:02:31.940,2025-08-29,111537.02447096257,33768921257.624115,-0.18239358522884608
2025-08-29 04:02:43.731,2025-08-29,111740.83258167285,34842440459.00299,0.2687622722630456
2025-08-29 03:01:43.876,2025-08-29,111441.32035684185,34823298287.72117,-0.03440196884255675
2025-08-29 02:03:16.657,2025-08-29,111479.67155871727,34389419297.65558,-0.6159341533951479
2025-08-29 01:02:39.623,2025-08-29,112170.56839954754,33768111975.628925,-0.3040657997238849
2025-08-29 00:02:29.398,2025-08-29,112512.68098276858,34139897762.011417,0.0945768999775165
2025-08-28 23:02:22.849,2025-08-28,112406.3705221515,33659831754.927155,0.3368032499740492
2025-08-28 22:02:02.118,2025-08-28,112029.05303062919,32600365860.87191,0.07349704524464151
2025-08-28 21:00:57.725,2025-08-28,111946.7754584206,35230862659.003456,-0.095543190742442
2025-08-28 20:03:07.060,2025-08-28,112053.8352679849,37677324696.43244,-0.31265597493614905
2025-08-28 19:02:40.347,2025-08-28,112405.27708292821,37976734048.801056,0.00883463123801942
2025-08-28 18:02:53.202,2025-08-28,112395.34736845951,37854772180.5903,-0.06761100520090713
2025-08-28 17:02:30.192,2025-08-28,112471.39040607649,39018249397.41754,-0.1785342115713573
2025-08-28 16:00:38.390,2025-08-28,112672.54945390136,34425217153.24764,-0.40239062912692525
2025-08-28 15:02:09.969,2025-08-28,113127.76497911806,37353526013.734146,0.28434090829456693
2025-08-28 14:02:50.627,2025-08-28,112807.00850651073,39908556193.16241,-0.3650381520200474
2025-08-28 13:02:20.506,2025-08-28,113220.30581858233,37287371968.780815,0.1995672955117378
2025-08-28 12:02:33.317,2025-08-28,112994.8051418919,37654428802.949265,0.009403441376476529
2025-08-28 11:02:51.561,2025-08-28,112984.18074069126,37879586381.55444,0.1175679024897347
2025-08-28 10:02:17.782,2025-08-28,112851.5035949865,37215368354.927055,-0.20197688753160747
2025-08-28 09:02:29.810,2025-08-28,113079.89885511795,38115284436.28997,-0.004122351922586365
2025-08-28 08:02:24.259,2025-08-28,113084.56059867593,37903209099.62217,-0.09691260775872568
2025-08-28 07:02:29.630,2025-08-28,113194.26010797978,38307956272.803246,0.35294939917194235
2025-08-28 06:02:32.406,2025-08-28,112796.14678561086,37651166791.32505,-0.156627765587658
2025-08-28 05:01:57.526,2025-08-28,112973.09401848726,36985679139.296265,0.8940548359815503
2025-08-28 04:02:48.043,2025-08-28,111972.00291151149,35487941569.88196,0.42996580223144676
2025-08-28 03:01:35.350,2025-08-28,111492.62276162558,35820003270.59694,-0.14907114589068904
2025-08-28 02:02:15.481,2025-08-28,111659.07422306083,37012771556.23348,0.3406633798394676
2025-08-28 01:00:17.181,2025-08-28,111279.9840682491,37103260667.507576,0.0347815269430507
2025-08-28 00:02:06.746,2025-08-28,111241.29264807492,37005486879.32488,-0.17690599019415387
2025-08-27 23:06:41.720,2025-08-27,111438.43391304565,37713714851.063545,-0.04146481202933483
2025-08-27 22:02:24.961,2025-08-27,111484.66081809542,38265198959.6821,-0.7382931643664215
2025-08-27 21:02:39.998,2025-08-27,112313.86641648396,38200548204.98113,0.24762340903448088
2025-08-27 20:02:13.842,2025-08-27,112036.43796942328,35787805416.855415,-0.07273372756607666
2025-08-27 19:02:37.377,2025-08-27,112117.98555959277,36388158449.048164,-0.2251184768770842
2025-08-27 18:02:46.354,2025-08-27,112370.95333819998,37191226587.508835,0.20022502717387258
2025-08-27 17:02:14.682,2025-08-27,112146.40816198313,35664679793.32469,0.1731649050593198
2025-08-27 16:02:19.120,2025-08-27,111952.54564260962,36042544904.33156,0.06000551790728004
2025-08-27 15:02:10.236,2025-08-27,111885.40822394217,38095437335.5302,0.35980060709819295
2025-08-27 14:01:52.627,2025-08-27,111484.2870822013,35704921225.298035,0.13219222280711485
2025-08-27 13:01:01.554,2025-08-27,111337.10808421562,35830473940.5946,0.019074101435268
2025-08-27 12:02:34.572,2025-08-27,111315.87558119372,36765670258.05036,0.27905113459452124
2025-08-27 11:01:06.124,2025-08-27,111006.11176683908,39647569186.46201,0.024162239562675047
2025-08-27 10:06:33.154,2025-08-27,110979.2966833095,39528456508.393936,0.24159429169008373
2025-08-27 09:01:45.519,2025-08-27,110711.82323814013,39337872985.31356,0.01748000096559732
2025-08-27 08:02:46.341,2025-08-27,110692.47419258242,38941102684.48362,-0.3259300424700684
2025-08-27 07:02:08.901,2025-08-27,111054.43395634122,39223233721.06222,-0.2861096287989362
2025-08-27 06:02:10.981,2025-08-27,111373.0830708973,39515288919.938416,-0.20847941928437974
2025-08-27 05:00:38.283,2025-08-27,111605.7581072873,39927558882.08654,0.07755241606899332
2025-08-27 04:01:41.251,2025-08-27,111519.27221730023,40399041185.972786,0.29839364346513353
2025-08-27 03:00:08.376,2025-08-27,111187.4957975124,40238149590.10205,-0.06859982032495493
2025-08-27 02:02:06.995,2025-08-27,111263.82257988887,40953999147.95808,-0.09087452210213565
2025-08-27 01:01:51.662,2025-08-27,111365.02501415942,42323169935.84372,-0.4271042596143526
2025-08-27 00:02:25.667,2025-08-27,111842.70999260596,43023800053.0546,-0.04205963423490333
2025-08-26 23:05:32.611,2025-08-26,111889.77042079122,45944710487.08485,0.3940172233151795
2025-08-26 22:02:38.261,2025-08-26,111450.63572055796,45912953928.839966,0.0780627928772315
2025-08-26 21:02:40.727,2025-08-26,111363.70210444374,45591977809.91141,0.24240478774819607
2025-08-26 20:02:34.071,2025-08-26,111094.40395034778,53572450854.26887,0.30770101744981293
2025-08-26 19:02:23.091,2025-08-26,110753.61395335088,51049478214.32461,0.8532467917425901
2025-08-26 18:02:33.939,2025-08-26,109816.60727497659,50246743910.975395,-0.05863339275353763
2025-08-26 17:02:41.965,2025-08-26,109881.034253352,53896424429.32773,0.1546842797013559
2025-08-26 16:00:18.607,2025-08-26,109711.32807576722,50552261496.052574,-0.562622024982018
2025-08-26 15:02:31.816,2025-08-26,110332.08066219365,50831898415.50748,0.48613769602081636
2025-08-26 14:02:45.274,2025-08-26,109798.30968920077,50582442595.12382,-0.32004522937164603
2025-08-26 13:03:23.920,2025-08-26,110150.8422047899,55052870907.81924,0.4311783322194618
2025-08-26 12:02:08.639,2025-08-26,109677.9347150727,53617864093.79292,-0.4875399023751781
2025-08-26 11:02:29.379,2025-08-26,110215.27817468811,54218560157.09526,0.027062631925356406
2025-08-26 10:02:12.586,2025-08-26,110185.45908945947,52673857577.893654,0.030052519671674993
2025-08-26 09:01:51.675,2025-08-26,110152.35553114467,56100183808.53877,-0.13772505561207016
2025-08-26 08:01:07.749,2025-08-26,110304.27215130755,54442025560.91784,0.2700901982453763
2025-08-26 07:01:39.264,2025-08-26,110007.15361203271,58232530079.61229,-0.2436769359411839
2025-08-26 06:02:38.519,2025-08-26,110275.87047428692,59393134095.57825,0.1660834228534913
2025-08-26 05:02:29.764,2025-08-26,110093.02421135378,59962545448.689804,0.17409578985434493
2025-08-26 04:02:28.236,2025-08-26,109901.68999609181,60269013171.39762,0.18126329067627012
2025-08-26 03:02:35.237,2025-08-26,109702.83902011866,59791517999.529495,-0.023684777721044714
2025-08-26 02:02:19.618,2025-08-26,109728.828049138,59266520304.45751,0.471252655956822
2025-08-26 01:00:41.595,2025-08-26,109214.15345032258,58179796983.544136,-0.8814247534315478
2025-08-26 00:00:50.533,2025-08-26,110185.35443900425,52854872363.936554,-0.048680669734257886
2025-08-25 23:03:22.354,2025-08-25,110239.01953202092,52583112387.23077,0.052672130500974745
2025-08-25 22:02:55.775,2025-08-25,110180.98485988827,56423072825.17286,0.4468445407602051
2025-08-25 21:02:57.718,2025-08-25,109690.83734151356,50874692501.464455,-1.0990926974929205
2025-08-25 20:03:34.623,2025-08-25,110909.83928590608,52612308119.58182,-1.3139226152538708
2025-08-25 19:01:53.880,2025-08-25,112386.51107136758,56245360295.508095,-0.09872951328422364
2025-08-25 18:02:43.593,2025-08-25,112497.5793839499,57446865096.65609,-0.0443663538826522
2025-08-25 17:00:56.917,2025-08-25,112547.51261168132,54303524981.15725,0.22917232729267045
2025-08-25 16:02:51.652,2025-08-25,112290.17460521753,54100932070.60992,0.07135059118805742
2025-08-25 15:02:59.101,2025-08-25,112210.11202691354,56036299387.76223,0.7983442346886083
2025-08-25 14:02:35.854,2025-08-25,111321.38417438182,51060453841.741264,-0.15306377468532473
2025-08-25 13:01:53.515,2025-08-25,111492.03809636572,52409963403.49649,0.2457925516874404
2025-08-25 12:02:25.457,2025-08-25,111218.67088723912,51828673258.15544,0.2367449262451693
2025-08-25 11:02:48.113,2025-08-25,110955.98821477545,50331033968.3015,-0.605863538548701
2025-08-25 10:03:00.092,2025-08-25,111632.32778606439,49349952717.45977,0.048719925509033146
2025-08-25 09:03:08.736,2025-08-25,111577.96708361676,48849691049.443085,0.09441509653163038
2025-08-25 08:02:28.529,2025-08-25,111472.72000741534,46347736844.41371,-0.425509496081955
2025-08-25 07:00:09.035,2025-08-25,111949.0739478392,45768364362.53734,-0.39428127748946107
2025-08-25 06:01:44.424,2025-08-25,112392.21541055867,45109734199.44281,-0.32901134427733014
2025-08-25 05:01:45.531,2025-08-25,112763.21919387885,44766806528.77922,-0.39338019980467154
2025-08-25 04:02:21.093,2025-08-25,113208.55925045427,45013362459.56276,-0.18223080453477758
2025-08-25 03:01:53.333,2025-08-25,113415.23674884671,44825375822.32035,0.3466307517364431
2025-08-25 02:02:28.534,2025-08-25,113023.46267055321,43474356664.27717,0.3890733600592444
2025-08-25 01:00:55.537,2025-08-25,112585.42278319375,41251485778.1079,-0.7179267474320961
2025-08-25 00:02:31.739,2025-08-25,113399.54847314971,40682656776.69001,-0.013402388491978723
2025-08-24 23:02:32.010,2025-08-24,113414.74875838551,41782659810.32342,0.3126769196559076
2025-08-24 22:02:54.764,2025-08-24,113061.2323796558,40830921832.74007,0.3214587899030841
2025-08-24 21:02:42.661,2025-08-24,112698.95169330903,39383149595.03231,0.4292537730858026
2025-08-24 20:00:39.541,2025-08-24,112217.2548926291,31584532548.078114,-2.0501741607262147
2025-08-24 19:02:33.861,2025-08-24,114566.05862349035,28383292003.692722,0.1733935919201679
2025-08-24 18:01:59.243,2025-08-24,114367.75226983133,25119528930.497387,0.10282618198858007
2025-08-24 17:02:02.369,2025-08-24,114250.27307611563,25339894655.86093,-0.10434105959020723
2025-08-24 16:01:54.199,2025-08-24,114369.60753646833,22884533619.60173,-0.08960776558450956
2025-08-24 15:02:00.257,2025-08-24,114472.18350232056,22921175596.468124,-0.09291779781483989
2025-08-24 14:01:09.178,2025-08-24,114578.64745830485,24479691746.429386,-0.031111364901559302
2025-08-24 13:02:47.741,2025-08-24,114614.30553312866,24857390273.595615,-0.07056590727751999
2025-08-24 12:02:54.000,2025-08-24,114695.2412707355,25589025693.645447,-0.03591911800883141
2025-08-24 11:02:32.598,2025-08-24,114736.45359290068,25269282624.89648,-0.07540255923601524
2025-08-24 10:01:43.563,2025-08-24,114823.03309844933,25182786693.78483,0.06073294576323107
2025-08-24 09:02:08.786,2025-08-24,114753.3400146967,24973297619.58047,-0.1099852991928274
2025-08-24 08:02:30.401,2025-08-24,114879.69078631983,24455593975.15203,0.030538907733057563
2025-08-24 07:02:42.692,2025-08-24,114844.61849424148,24730635069.13534,-0.09430948256563543
2025-08-24 06:00:53.884,2025-08-24,114953.03010212432,24560564942.829094,-0.11606132987482809
2025-08-24 05:02:23.931,2025-08-24,115086.60114191737,25043140601.09021,0.08118599754887157
2025-08-24 04:01:45.888,2025-08-24,114993.24273069265,25559928547.878998,-0.06621040213208307
2025-08-24 03:00:36.078,2025-08-24,115069.43066346603,25446661310.325912,-0.31339012486618634
2025-08-24 02:02:12.191,2025-08-24,115431.1805844341,26692001773.72604,0.05823592599005778
2025-08-24 01:00:06.611,2025-08-24,115363.99729235176,27072316168.250343,0.003479391279093136
2025-08-24 00:03:09.115,2025-08-24,115359.98346714744,27306719885.257973,0.0692026808612578
2025-08-23 23:01:40.362,2025-08-23,115280.20647376521,27623022682.170525,0.09783199145687593
2025-08-23 22:02:36.015,2025-08-23,115167.53577999982,28659750755.356216,-0.051371785352349875
2025-08-23 21:02:31.788,2025-08-23,115226.72980830548,27941655431.383087,0.11064945823906491
2025-08-23 20:03:01.408,2025-08-23,115099.37297567134,30520515991.097103,0.005600568023145236
2025-08-23 19:02:04.743,2025-08-23,115092.92711799828,31483027823.875717,0.058640765497197656
2025-08-23 18:02:37.432,2025-08-23,115025.4752987663,32790555515.312447,0.046673799171936814
2025-08-23 17:02:12.024,2025-08-23,114971.81358538911,32855528199.545666,0.1642721385179957
2025-08-23 16:02:24.239,2025-08-23,114783.2566749885,37135036579.25317,0.08450818779750513
2025-08-23 15:02:46.088,2025-08-23,114686.33732965987,41462405461.682594,-0.11764310451088944
2025-08-23 14:01:35.437,2025-08-23,114821.41680903742,48997628374.48042,-0.27248051218637936
2025-08-23 13:02:23.249,2025-08-23,115135.13762173562,49109336712.525505,-0.12049656982036083
2025-08-23 12:00:00.562,2025-08-23,115274.0388844848,51716159537.264275,-0.2116240178201112
2025-08-23 11:02:07.091,2025-08-23,115518.50378351717,51871948970.09468,-0.15098392755426016
2025-08-23 10:02:47.918,2025-08-23,115693.18189345239,52210251491.12992,-0.036129450489930104
2025-08-23 09:03:05.928,2025-08-23,115734.99631164433,48640517091.69404,-0.01837931545146665
2025-08-23 08:02:16.421,2025-08-23,115756.2715219422,52717524858.258606,0.06068716626832504
2025-08-23 07:02:44.649,2025-08-23,115686.06492737045,52878916142.69842,-0.19847536729244997
2025-08-23 06:02:01.222,2025-08-23,115916.12989192463,53253795258.25153,0.06911100319961783
2025-08-23 05:02:39.819,2025-08-23,115836.07441882673,52565552949.78911,0.2853711373341339
2025-08-23 04:02:18.492,2025-08-23,115506.45234208381,52569447344.06513,-0.27120719652274916
2025-08-23 03:02:13.028,2025-08-23,115820.56605227095,53462597660.537346,-0.5244831141274608
2025-08-23 02:02:12.950,2025-08-23,116431.22818366549,50438213222.20327,-0.35010184911382636
2025-08-23 01:00:34.385,2025-08-23,116840.2881931396,50863072838.05745,-0.04897758166442223
2025-08-23 00:01:49.434,2025-08-23,116897.54178212964,50833111088.85954,0.177144912536642
2025-08-22 23:03:02.033,2025-08-22,116690.82991354102,50558197963.827705,-0.27823867681348036
2025-08-22 22:02:25.029,2025-08-22,117016.4148378404,51002312657.51935,0.10544109554055936
2025-08-22 21:00:39.854,2025-08-22,116893.16140783997,50371447626.11096,0.22481484049892142
2025-08-22 20:04:21.905,2025-08-22,116630.95770630019,50082805752.61533,-0.10554504993383063
2025-08-22 19:02:53.164,2025-08-22,116754.18597018225,50155473288.184364,-0.14621762184461318
2025-08-22 18:01:12.029,2025-08-22,116925.15114552547,49544866744.46024,0.5870260542236938
2025-08-22 17:01:59.526,2025-08-22,116242.77576562841,48720009133.189285,-0.42049047316052857
2025-08-22 16:02:32.195,2025-08-22,116733.62955688963,45922545000.10242,0.6761394632842421
2025-08-22 15:02:36.906,2025-08-22,115949.64822768302,42781054684.85562,3.069033494017881
2025-08-22 14:02:48.421,2025-08-22,112497.07530672899,35468782916.49639,0.12195272740052054
2025-08-22 13:02:32.032,2025-08-22,112360.04916226704,31706991968.390926,0.06386719230773164
2025-08-22 12:01:38.441,2025-08-22,112288.33375620782,32383528241.204155,-0.20726178765575476
2025-08-22 11:02:22.275,2025-08-22,112521.5479279412,32725679377.15134,-0.4889801324428733
2025-08-22 10:02:37.279,2025-08-22,113074.45957010616,32247497772.83376,0.07170436282586401
2025-08-22 09:02:41.935,2025-08-22,112993.43834510577,32476325582.469376,-0.10195207136436402
2025-08-22 08:02:24.914,2025-08-22,113108.75506378774,32687785291.633484,0.09704700670885025
2025-08-22 07:02:36.216,2025-08-22,112999.09282659138,32181558938.674603,-0.19167655260736716
2025-08-22 06:02:26.997,2025-08-22,113216.10154703319,31659211130.85369,0.37965321269044505
2025-08-22 05:00:44.257,2025-08-22,112787.89866622085,32070036247.588997,-0.12859513705169023
2025-08-22 04:01:49.894,2025-08-22,112933.12517331423,31790586244.230686,-0.29443076476834973
2025-08-22 03:01:24.381,2025-08-22,113266.61693979731,32264079286.30188,0.39780132290085923
2025-08-22 02:01:26.472,2025-08-22,112817.82613496445,31512472005.466564,0.2201003717669625
2025-08-22 01:02:36.235,2025-08-22,112570.05901657068,31863226030.040344,0.13846904256118453
2025-08-22 00:02:51.862,2025-08-22,112414.39987336512,32048202090.65466,-0.0484113495026639
2025-08-21 23:02:29.621,2025-08-21,112468.84756023913,32709524011.280228,-0.08203193349349824
2025-08-21 22:02:41.573,2025-08-21,112561.18367557136,33425866734.35019,-0.002693445275003814
2025-08-21 21:02:51.090,2025-08-21,112564.21553111593,33610308289.103546,0.4830737005938168
2025-08-21 20:01:52.647,2025-08-21,112023.06158201321,33258011046.23826,-0.4873285733355437
2025-08-21 19:02:22.153,2025-08-21,112571.655424373,31679195219.135468,0.17064396871242504
2025-08-21 18:02:04.597,2025-08-21,112379.88592699269,33840190741.362995,-0.016439507644216977
2025-08-21 17:02:05.532,2025-08-21,112398.3636645793,33693160441.712955,-0.3325428003339126
2025-08-21 16:01:48.251,2025-08-21,112773.38343187496,31058409226.911808,-0.4351542428169042
2025-08-21 15:02:30.029,2025-08-21,113266.26639577647,34349543158.606915,-0.21025024240794998
2025-08-21 14:02:58.527,2025-08-21,113504.91074576437,36913318007.19882,0.4890525249856337
2025-08-21 13:01:50.458,2025-08-21,112952.51362584245,36929742710.01171,-0.15890442051118558
2025-08-21 12:00:47.607,2025-08-21,113132.28582905016,37468392944.52651,-0.21302713498033699
2025-08-21 11:02:25.842,2025-08-21,113373.80279295826,37143984349.62482,-0.019731613400175707
2025-08-21 10:00:56.020,2025-08-21,113396.1776883503,37593949831.45612,-0.21300182179132543
2025-08-21 09:02:44.932,2025-08-21,113638.22918676953,37549329437.96879,-0.2211840900157469
2025-08-21 08:02:35.497,2025-08-21,113890.13604780457,38188109033.52714,0.13461572611215278
2025-08-21 07:02:15.544,2025-08-21,113737.02812154038,38681475462.57837,-0.19074229101478934
2025-08-21 06:02:33.048,2025-08-21,113954.38733064673,34696637099.406204,0.12839411856770955
2025-08-21 05:02:02.324,2025-08-21,113808.26421295329,37943880322.50303,-0.15692096997055316
2025-08-21 04:01:31.792,2025-08-21,113987.13392915655,38516342245.77847,-0.0006678345943034181
2025-08-21 03:01:12.204,2025-08-21,113987.89517975388,40240528752.222626,-0.6411176687459053
2025-08-21 02:02:07.089,2025-08-21,114723.4072135875,39431182617.15398,0.33731677300929963
2025-08-21 01:02:19.563,2025-08-21,114337.7268829338,41701940902.23417,0.07640685093053268
2025-08-21 00:01:42.284,2025-08-21,114250.43172587751,42282443322.69223,-0.29672866596555103
2025-08-20 23:02:02.274,2025-08-20,114590.45445269886,43391081238.798386,0.14640590394592312
2025-08-20 22:02:11.136,2025-08-20,114422.93252401563,43622277551.29078,0.062096024794233706
2025-08-20 21:01:38.563,2025-08-20,114351.92452461013,43762392368.75179,0.10879302481250352
2025-08-20 20:02:37.116,2025-08-20,114227.65280595022,43899516543.65584,0.5631140004314084
2025-08-20 19:02:29.859,2025-08-20,113588.02274704837,41640210717.64218,-0.5361164645918515
2025-08-20 18:02:23.731,2025-08-20,114200.26919279918,44969490820.75231,0.22175275533091732
2025-08-20 17:02:43.088,2025-08-20,113947.58727837629,46093178700.28271,0.514677559198895
2025-08-20 16:00:45.904,2025-08-20,113364.1275536759,45330962207.64718,-0.09217369527712016
2025-08-20 15:05:18.525,2025-08-20,113468.71586206947,42737896339.57028,0.6628641468026775
2025-08-20 14:01:07.017,2025-08-20,112721.52528522459,47409002973.9134,-0.8646310057850992
2025-08-20 13:00:20.461,2025-08-20,113704.65095237858,46493644645.02271,-0.05971943621393416
2025-08-20 12:02:29.547,2025-08-20,113772.5953048606,46606701431.230354,-0.036912810488465286
2025-08-20 11:02:21.868,2025-08-20,113814.60747522612,45463851298.78079,0.06658661977048119
2025-08-20 10:02:34.089,2025-08-20,113738.87260459366,45507876848.20262,-0.21100863038129303
2025-08-20 09:01:36.202,2025-08-20,113979.37893099306,45071296899.7613,0.3796208174947635
2025-08-20 08:00:31.111,2025-08-20,113548.32584815667,43938551344.338135,-0.06024833567132015
2025-08-20 07:02:32.058,2025-08-20,113616.7780659848,44540793525.55041,-0.08404229965908172
2025-08-20 06:01:46.002,2025-08-20,113712.34453532855,44979086223.03822,0.1194885827393577
2025-08-20 05:00:47.331,2025-08-20,113576.63342572509,44730460959.930695,0.06762334142969006
2025-08-20 04:02:17.509,2025-08-20,113499.88101366491,46648678656.68352,0.055547601066074925
2025-08-20 03:02:13.328,2025-08-20,113436.86955390326,44153560151.65437,0.3522989495245099
2025-08-20 02:00:43.860,2025-08-20,113038.63562802887,43099302140.83163,-0.1613416747373031
2025-08-20 01:00:37.645,2025-08-20,113221.30878378011,42538241876.26035,0.2878600665983555
2025-08-20 00:02:24.721,2025-08-20,112896.32534645073,46894541027.51199,-0.24192145210296667
2025-08-19 23:00:35.729,2025-08-19,113170.10811534988,45788441426.74541,-0.2154981551783619
2025-08-19 22:02:24.396,2025-08-19,113414.51430137384,44779365251.50792,-0.07311752353001966
2025-08-19 21:02:24.159,2025-08-19,113497.50086327353,44586489667.24651,0.1993980620457192
2025-08-19 20:02:42.362,2025-08-19,113271.63940944368,45137838887.3973,0.3889684862953269
2025-08-19 19:05:35.423,2025-08-19,112832.75554814276,43705084656.35368,-0.5831072679665428
2025-08-19 18:00:55.792,2025-08-19,113494.55052097653,38767013868.5328,0.07979307230217003
2025-08-19 17:01:02.973,2025-08-19,113404.06193584246,41703252447.975975,-0.3657299398338032
2025-08-19 16:02:40.464,2025-08-19,113820.33698581933,41455680962.47773,-0.16187874192068463
2025-08-19 15:02:29.349,2025-08-19,114004.88666207601,39555884499.56829,-1.0713351953584138
2025-08-19 14:02:31.238,2025-08-19,115239.4878544111,33343923238.3509,-0.31152983229084663
2025-08-19 13:01:52.658,2025-08-19,115599.61514159056,36931886329.83645,0.03475957705523225
2025-08-19 12:02:45.234,2025-08-19,115559.44716650811,37452709494.71494,0.11286660564679973
2025-08-19 11:01:41.387,2025-08-19,115429.16618470901,37430671443.38621,0.05025493433252759
2025-08-19 10:00:58.919,2025-08-19,115371.1864707095,38239878260.73187,0.11027191531112202
2025-08-19 09:00:29.123,2025-08-19,115244.10458929573,35686297321.47995,0.20238893702098082
2025-08-19 08:01:05.724,2025-08-19,115011.33437220617,39660867167.464096,0.02212331438080639
2025-08-19 07:02:51.797,2025-08-19,114985.89568101108,36503838014.26732,-0.03137007127113067
2025-08-19 06:02:28.348,2025-08-19,115021.97815753656,37848687030.93779,-0.24997883529072062
2025-08-19 05:03:04.816,2025-08-19,115310.22932577619,42401100746.07195,0.39740406519497284
2025-08-19 04:02:33.984,2025-08-19,114853.79567274198,36806153204.06423,-0.7651856903054588
2025-08-19 03:03:27.066,2025-08-19,115739.41713066881,41556606133.007866,-0.08753893299043858
2025-08-19 02:02:55.046,2025-08-19,115840.82295104749,45048722686.44198,-0.6329399661998636
2025-08-19 01:02:57.300,2025-08-19,116578.69611080748,43014211850.83455,0.22660624305332888
2025-08-19 00:06:58.562,2025-08-19,116315.1187900144,47234423701.30825,-0.11164208207702364
2025-08-18 23:02:51.292,2025-08-18,116445.12054707026,46819813147.56796,-0.2298939000144884
2025-08-18 22:01:27.625,2025-08-18,116713.43762065737,46612992379.49223,0.2114733053296014
2025-08-18 21:02:34.740,2025-08-18,116467.14070857807,46002619788.25187,0.09237868960991769
2025-08-18 20:02:47.066,2025-08-18,116359.64918942218,45254447893.187836,-0.2169291249557781
2025-08-18 19:03:07.996,2025-08-18,116612.61591671837,45060972832.86944,-0.08986176464126361
2025-08-18 18:03:17.580,2025-08-18,116717.50032215302,44544188414.253784,0.5458489587877313
2025-08-18 17:02:48.704,2025-08-18,116083.85779306894,40251510722.794945,-0.14817513542922933
2025-08-18 16:03:21.565,2025-08-18,116256.12045700087,43424598200.07567,0.5256682186631778
2025-08-18 15:02:12.018,2025-08-18,115648.19465225624,40189514662.24893,0.5677839619574243
2025-08-18 14:02:13.194,2025-08-18,114995.26995245655,38317764892.86075,-0.4602913918870022
2025-08-18 13:02:19.735,2025-08-18,115527.0309311352,39140875904.88485,0.4193773974709547
2025-08-18 12:00:38.558,2025-08-18,115044.56004926866,35353092704.49016,-0.06976189790881548
2025-08-18 11:02:25.005,2025-08-18,115124.87334587987,37320922860.19554,0.04353107519756705
2025-08-18 10:03:03.017,2025-08-18,115074.7800568399,34271576980.23296,-0.10644769262108111
2025-08-18 09:00:27.213,2025-08-18,115197.40503646056,32951980632.03165,-0.12275098253616834
2025-08-18 08:03:48.982,2025-08-18,115338.9847735173,32526666444.138912,0.038129575789014325
2025-08-18 07:03:21.362,2025-08-18,115295.02327023851,31191542322.332653,-0.33041973659362345
2025-08-18 06:03:32.999,2025-08-18,115677.2437142178,29247877687.589188,0.08205926308957334
2025-08-18 05:03:07.777,2025-08-18,115582.39765044459,29989283651.029594,0.19699512010162845
2025-08-18 04:02:43.252,2025-08-18,115355.15362701363,29715058316.70636,-0.3520730221197699
2025-08-18 03:01:30.899,2025-08-18,115762.72294417131,27596509865.82609,-0.5964450232924579
2025-08-18 02:02:53.312,2025-08-18,116457.32687457414,24581181633.343006,-0.7131237280487701
2025-08-18 01:03:14.591,2025-08-18,117293.77662722742,21815886939.45657,-0.1919508808164494
2025-08-18 00:02:30.727,2025-08-18,117519.35606632655,20919712550.496597,-0.4113500055313968
2025-08-17 23:01:54.800,2025-08-17,118004.76868885547,20685217966.42999,0.18044908589356368
2025-08-17 22:03:22.102,2025-08-17,117792.21371595125,20825403826.175056,0.0404556425340985
2025-08-17 21:02:23.419,2025-08-17,117744.57938981004,20810344457.40564,0.07194984507197244
2025-08-17 20:03:19.090,2025-08-17,117659.9232573146,20858980140.990505,-0.11924047545244232
2025-08-17 19:02:14.870,2025-08-17,117800.3890012445,20323457770.61986,-0.1486717939427229
2025-08-17 18:03:13.393,2025-08-17,117975.7857182899,19869844426.65686,-0.037327760387406705
2025-08-17 17:00:26.969,2025-08-17,118019.83988133041,19729043891.98422,-0.24012854130253114
2025-08-17 16:03:18.243,2025-08-17,118303.92136200068,19240173212.095814,0.07660021335047507
2025-08-17 15:02:16.029,2025-08-17,118213.36966862573,19304050553.922386,-0.201137864320855
2025-08-17 14:02:36.364,2025-08-17,118451.62072881311,19328239424.646633,0.22519349352003726
2025-08-17 13:02:11.175,2025-08-17,118185.47472943665,19726143680.68364,-0.1684734858993786
2025-08-17 12:03:07.021,2025-08-17,118384.92193419846,19832211437.816414,0.02147376241339316
2025-08-17 11:02:50.913,2025-08-17,118359.5056951518,20117587454.892338,0.008967902389533933
2025-08-17 10:02:59.374,2025-08-17,118348.89228201286,21320633369.059124,-0.022858488433541435
2025-08-17 09:00:50.982,2025-08-17,118375.95123513404,21001865564.879364,0.23792822459764995
2025-08-17 08:02:27.972,2025-08-17,118094.96996974589,20670997887.011875,0.05708884124464575
2025-08-17 07:02:45.641,2025-08-17,118027.58938661608,21044944087.18575,-0.04674948137008972
2025-08-17 06:03:06.372,2025-08-17,118082.79247968765,21300267300.910324,-0.054298008065079006
2025-08-17 05:00:35.889,2025-08-17,118146.94391682425,21428978699.29996,0.3073599117805914
2025-08-17 04:00:02.408,2025-08-17,117784.9202897309,19721262226.493782,0.10330105643254761
2025-08-17 03:02:14.587,2025-08-17,117663.3727826123,21494498515.102337,0.12064535020566147
2025-08-17 02:02:44.298,2025-08-17,117521.58845065876,20620663106.76984,0.12951560746221613
2025-08-17 01:02:58.518,2025-08-17,117369.57653063927,22333955319.068207,-0.023822554288799314
2025-08-17 00:05:46.326,2025-08-17,117397.54362420287,23184873267.620586,-0.07423280521242637
2025-08-16 23:07:33.282,2025-08-16,117484.75585417039,23794931994.61549,-0.016315353212337236
2025-08-16 22:02:53.272,2025-08-16,117503.9270349045,24230349699.68281,-0.17423885280696272
2025-08-16 21:02:29.270,2025-08-16,117709.02188428598,24284146947.68263,-0.02140940991329776
2025-08-16 20:02:05.909,2025-08-16,117734.22808778555,24783316758.07552,-0.012289456945979715
2025-08-16 19:03:10.389,2025-08-16,117748.69876342453,26151422407.901424,-0.012263379117305462
2025-08-16 18:05:53.900,2025-08-16,117763.14050380496,27140513931.15808,-0.0491133155137935
2025-08-16 17:00:44.831,2025-08-16,117821.00630637373,27070288706.322876,0.06429880041420866
2025-08-16 16:02:51.110,2025-08-16,117745.29749254188,30479606538.968193,-0.06114303554362044
2025-08-16 15:00:39.179,2025-08-16,117817.33458730514,34465941057.82072,0.08964436805309894
2025-08-16 14:03:24.481,2025-08-16,117711.81257679683,33447988735.289047,-0.08913927552417489
2025-08-16 13:02:47.207,2025-08-16,117816.83364875686,38768119555.74799,0.3135468895450355
2025-08-16 12:03:25.410,2025-08-16,117448.5772878559,40046541951.517654,-0.015301687848534584
2025-08-16 11:02:54.351,2025-08-16,117466.55165291626,39711758469.982864,0.04722755969130965
2025-08-16 10:02:09.908,2025-08-16,117411.10125498683,40346599234.85132,-0.20911156302843015
2025-08-16 09:01:13.697,2025-08-16,117657.13593094652,39974706539.33603,-0.005657241127421386
2025-08-16 08:03:10.562,2025-08-16,117663.79245540539,40336540998.330215,0.18115563209999408
2025-08-16 07:07:25.451,2025-08-16,117451.02331171713,40453329487.21808,-0.20841612638728968
2025-08-16 06:07:20.248,2025-08-16,117696.32142573298,41051836332.561325,-0.17588955228801106
2025-08-16 05:02:25.789,2025-08-16,117903.7017188172,38228895069.26985,0.31455954439332245
2025-08-16 04:02:57.432,2025-08-16,117533.98734372148,42259501701.47694,-0.030241482263904107
2025-08-16 03:02:51.235,2025-08-16,117569.54211594824,43086641024.218254,-0.32676131573394773
2025-08-16 02:03:08.130,2025-08-16,117954.97333880374,43877900898.17994,0.13093964015793436
2025-08-16 01:03:07.981,2025-08-16,117800.72549274012,43685967849.247055,0.34430916207388584
2025-08-16 00:00:46.219,2025-08-16,117396.51852350791,44195309908.176605,-0.34692305107532073
2025-08-15 23:06:02.115,2025-08-15,117805.21195916239,41269028577.39868,0.3685339476085181
2025-08-15 22:03:06.651,2025-08-15,117372.65388438936,44695237741.9624,0.0009818349625767553
2025-08-15 21:02:56.579,2025-08-15,117371.50148995162,46168343632.34182,0.31717008469924757
2025-08-15 20:02:43.522,2025-08-15,117000.41118669232,47063147150.000656,-0.18676289825626524
2025-08-15 19:02:05.799,2025-08-15,117219.33341108754,47645326089.25991,-0.38352356075173066
2025-08-15 18:01:04.967,2025-08-15,117670.62799352725,48546015815.000656,0.2241157334598176
2025-08-15 17:01:08.736,2025-08-15,117407.49931529992,47847219866.87938,0.03413597663179946
2025-08-15 16:00:23.626,2025-08-15,117367.4347951849,50339895824.663864,-0.017135716031957404
2025-08-15 15:02:41.037,2025-08-15,117387.54999240847,49411110804.28237,-0.44557338803615787
2025-08-15 14:03:32.043,2025-08-15,117912.93866816521,50060115904.47089,-0.7258699415424008
2025-08-15 13:00:48.512,2025-08-15,118775.09135434593,56971967557.917946,-0.26845132806148087
2025-08-15 12:03:30.173,2025-08-15,119094.80293447574,63725302452.57892,0.1034673054093771
2025-08-15 11:00:30.668,2025-08-15,118971.70611595799,65031168268.30993,0.09684688045674683
2025-08-15 10:02:57.439,2025-08-15,118856.5972093437,66978135231.00775,-0.09577925522111785
2025-08-15 09:03:08.736,2025-08-15,118970.54631253434,67874122918.03191,-0.09598673596583618
2025-08-15 08:03:03.800,2025-08-15,119084.85197497487,69275101347.75339,-0.06349704777696141
2025-08-15 07:02:27.043,2025-08-15,119160.51538435975,65356839921.8251,0.09732260345645116
2025-08-15 06:01:35.001,2025-08-15,119044.65802389507,67821446013.349915,0.08955352647959103
2025-08-15 05:03:19.015,2025-08-15,118938.14472096805,64049610802.277466,-0.09372181418449976
2025-08-15 04:01:48.855,2025-08-15,119049.72027859472,68560101766.383354,0.22206930225676658
2025-08-15 03:00:36.953,2025-08-15,118785.93318559029,69280177536.6125,0.016185606423957388
2025-08-15 02:01:36.429,2025-08-15,118766.71007333513,68714119802.955894,0.37799083962641866
2025-08-15 01:00:38.512,2025-08-15,118319.47330275648,66097785012.41584,-0.057688476232053976
2025-08-15 00:03:27.613,2025-08-15,118387.76940297017,68707152125.851295,0.05095761980162816
2025-08-14 23:03:09.940,2025-08-14,118327.47253939268,73193091785.09883,0.40685622780727293
2025-08-14 22:02:56.603,2025-08-14,117848.00060956631,76608552943.05684,-0.10553304536601305
2025-08-14 21:01:49.666,2025-08-14,117972.50058212507,71516429119.22899,-0.023238449346218992
2025-08-14 20:03:14.751,2025-08-14,117999.92193421233,76945613963.45161,-0.1186978516563908
2025-08-14 19:02:08.088,2025-08-14,118140.15175629064,77386193412.41045,0.1971475523779409
2025-08-14 18:03:28.287,2025-08-14,117907.69961243957,73989576616.43369,0.05165197910865782
2025-08-14 17:02:53.512,2025-08-14,117846.8293927414,78260521873.39708,-0.3160151660086319
2025-08-14 16:02:16.728,2025-08-14,118220.42386146332,76177529073.28523,-0.46011463174966405
2025-08-14 15:09:08.431,2025-08-14,118766.88768939592,77067729231.81519,0.35317993807371106
2025-08-14 14:06:57.496,2025-08-14,118348.9031066928,77260745766.38547,-0.8172622861539525
2025-08-14 13:09:23.675,2025-08-14,119324.09392463375,69537594617.84932,-1.3158335173351854
2025-08-14 12:05:50.438,2025-08-14,120915.1358091418,67920497000.50527,0.002711262080268284
2025-08-14 11:09:30.613,2025-08-14,120911.85757179689,67229675879.84524,-0.5753760292550147
2025-08-14 10:09:11.689,2025-08-14,121611.5814603175,68204136991.84496,-0.07653043484778799
2025-08-14 09:08:46.367,2025-08-14,121704.7226137641,69941853860.20503,-0.10727488713657696
2025-08-14 08:10:29.582,2025-08-14,121835.4214245897,70223292909.02171,0.01686633326187792
2025-08-14 07:02:44.678,2025-08-14,121814.87572168793,64984516420.743095,-0.21832291385218694
2025-08-14 06:04:49.799,2025-08-14,122081.40740761199,67592788725.87987,-0.8544354926772191
2025-08-14 05:09:12.479,2025-08-14,123133.50376717577,66278340655.977196,-0.23985137881357144
2025-08-14 04:09:46.133,2025-08-14,123429.5512477068,65876526788.19487,-0.244526912631704
2025-08-14 03:21:25.544,2025-08-14,123732.10955513605,66302793784.564285,-0.04036976275284543
2025-08-14 03:14:19.483,2025-08-14,123782.08008719778,65672666662.090515,0.1745032798592394
2025-08-14 02:22:42.015,2025-08-14,123566.4525746493,66251491232.82634,-0.16449672604985643
2025-08-14 01:04:45.718,2025-08-14,123770.05025514928,62197493323.06199,0.2841660180512351
2025-08-14 00:04:14.138,2025-08-14,123419.33444694606,63017574223.32698,0.2869541002438858
2025-08-13 23:05:46.087,2025-08-13,123066.19096595528,59079865833.72369,0.33448629128156604
2025-08-13 22:04:11.504,2025-08-13,122655.92371568155,60055384852.287445,-0.15836413573059316
2025-08-13 21:09:23.117,2025-08-13,122850.47480835272,59005514379.85975,0.0931317640863627
2025-08-13 20:09:01.226,2025-08-13,122736.16844950369,58834758975.89083,0.9563075423789869
2025-08-13 19:02:34.493,2025-08-13,121573.55140785241,55994600657.16704,-0.182958187274751
2025-08-13 18:02:07.157,2025-08-13,121796.38787126781,55572259503.812584,0.29979130115058705
2025-08-13 17:01:02.871,2025-08-13,121432.344266374,55081093867.32132,0.21545525347874683
2025-08-13 16:08:48.880,2025-08-13,121171.2743899936,54785163763.27598,0.03796689833992506
2025-08-13 15:09:07.277,2025-08-13,121125.28687546166,52797025874.58673,-0.2934487725997581
2025-08-13 14:00:42.736,2025-08-13,121481.77364916756,49198470920.52877,0.9532712461258974
2025-08-13 13:08:36.285,2025-08-13,120334.65795575143,44460089763.51556,-0.26958552080708076
2025-08-13 12:04:54.741,2025-08-13,120659.93968255015,45575802177.45867,0.14169169575357632
2025-08-13 11:05:44.447,2025-08-13,120489.21646853567,48919405400.73159,0.3335128776399632
2025-08-13 10:06:18.661,2025-08-13,120088.70517219532,44560422983.60578,0.10619067480288624
2025-08-13 09:04:22.290,2025-08-13,119961.31743970366,47902101212.73735,0.4303356053323881
2025-08-13 08:05:45.810,2025-08-13,119447.29320742634,47873279638.83304,0.03954002160668768
2025-08-13 07:04:22.376,2025-08-13,119400.0823890513,47616830208.55492,0.3193537933539048
2025-08-13 06:04:17.220,2025-08-13,119019.98754398024,47963476051.639854,-0.25914290585671296
2025-08-13 05:09:51.497,2025-08-13,119329.2207541788,47495957163.16848,-0.12352985476629108
2025-08-13 04:04:03.443,2025-08-13,119476.81028440251,45006892079.01804,-0.07421574375695572
2025-08-13 03:04:46.984,2025-08-13,119565.54674419579,47590946984.34503,0.1850052557733406
2025-08-13 02:08:16.676,2025-08-13,119344.75267924949,47137781376.233376,-0.31275418614981065
2025-08-13 01:00:50.255,2025-08-13,119719.17942452389,46836028818.95294,-0.3221465445808813
2025-08-13 00:10:07.169,2025-08-13,120106.09706605313,47100957328.9395,0.08911703052512099
2025-08-12 23:09:30.601,2025-08-12,119999.15738034059,46423403789.595924,0.1626705930614314
2025-08-12 22:09:30.769,2025-08-12,119804.27106209096,46908438206.45949,-0.1768191409412201
2025-08-12 21:09:59.728,2025-08-12,120016.48317663175,47505901365.54906,0.3272256319710287
2025-08-12 20:11:50.274,2025-08-12,119625.03938550693,46737216570.08374,0.17923692944501468
2025-08-12 19:09:39.745,2025-08-12,119411.01075640788,47557399592.670845,0.08592565856793133
2025-08-12 18:04:40.662,2025-08-12,119308.49414708451,47568847387.00169,-0.26905072293007537
2025-08-12 17:04:22.749,2025-08-12,119630.36049684513,44518440476.83984,-0.25368652474013764
2025-08-12 16:07:17.754,2025-08-12,119934.61846238268,44650178233.996956,0.4197125011319969
2025-08-12 15:05:46.212,2025-08-12,119433.34179634372,47301346319.96885,0.44553553862689554
2025-08-12 14:10:17.546,2025-08-12,118903.58407259917,45072263216.69543,-0.22068561731639624
2025-08-12 13:03:23.555,2025-08-12,119166.56754782685,42508684034.57971,0.5569175000118998
2025-08-12 12:02:37.488,2025-08-12,118506.5836448425,47055615314.977295,0.02407641871380317
2025-08-12 11:01:38.822,2025-08-12,118478.058371425,49292650064.772064,0.08438973290130214
2025-08-12 10:10:38.222,2025-08-12,118378.15935892852,49427094781.510895,-0.38701379127781266
2025-08-12 09:09:39.472,2025-08-12,118838.07911439084,49738262341.54896,-0.07291123264268062
2025-08-12 08:09:12.109,2025-08-12,118924.78864370867,49363287462.374985,0.01685906909001389
2025-08-12 07:08:53.374,2025-08-12,118904.74241103428,50308452646.17006,0.0721801999924665
2025-08-12 06:08:59.637,2025-08-12,118818.97863462681,50074257066.67925,-0.04722217405834783
2025-08-12 05:08:46.992,2025-08-12,118875.11404789456,51108285007.63025,0.04096233098789259
2025-08-12 04:02:18.283,2025-08-12,118826.43996825363,52160368792.156334,-0.20021956273997832
2025-08-12 03:08:49.156,2025-08-12,119064.83105236376,54032969124.470024,0.08191432153603628
2025-08-12 02:14:30.494,2025-08-12,118967.3797304084,58447573512.6595,0.05272873483652685
2025-08-12 01:09:46.825,2025-08-12,118904.68279550895,57441150613.10207,0.14985822737756394
2025-08-12 00:02:30.989,2025-08-12,118726.76097608739,62158120175.53192,-0.07633170122535171
2025-08-11 23:08:06.940,2025-08-11,118817.45636188111,62893664619.09909,0.19222914055490037
2025-08-11 22:09:18.187,2025-08-11,118589.49279908501,63619200911.29314,-0.31321949126437154
2025-08-11 21:03:01.862,2025-08-11,118962.10530010339,62011066380.74919,0.06609955625038744
2025-08-11 20:04:33.741,2025-08-11,118883.52381840459,62685400734.06368,-0.724876635934224
2025-08-11 19:04:24.100,2025-08-11,119751.57500679207,56181443664.69194,0.3110915712737139
2025-08-11 18:08:12.745,2025-08-11,119380.19328770376,56772104115.92019,-0.5282088335460622
2025-08-11 17:04:30.933,2025-08-11,120014.11846292738,55700956891.074394,-0.24206187531968792
2025-08-11 16:09:27.208,2025-08-11,120305.33180520462,58087075902.68849,0.15064262054091948
2025-08-11 15:09:39.853,2025-08-11,120124.3733013551,57841855387.36973,0.16712418318376443
2025-08-11 14:04:08.584,2025-08-11,119923.9513771743,53566800134.68958,0.2868363137497276
2025-08-11 13:08:17.602,2025-08-11,119580.94978885303,51521792793.06391,-0.748838931157858
2025-08-11 12:04:23.615,2025-08-11,120483.17470655062,52570295714.911766,-0.5258985248658421
2025-08-11 11:05:00.657,2025-08-11,121120.14375587818,50504578101.41549,-0.1775519992516239
2025-08-11 10:04:11.872,2025-08-11,121335.5774995321,49617085615.82952,-0.2429382979262762
2025-08-11 09:13:59.934,2025-08-11,121631.06594087846,48862419722.96345,0.1661977844106488
2025-08-11 08:09:11.260,2025-08-11,121429.25321241302,47417350525.94148,-0.6530578820267308
2025-08-11 07:04:47.460,2025-08-11,122227.46933490643,46814026887.577896,0.18444221289928286
2025-08-11 06:02:18.822,2025-08-11,122002.44532495784,46052489012.97002,-0.01395530513474963
2025-08-11 05:04:53.796,2025-08-11,122019.47351481064,45340440206.12131,0.20640368659221586
2025-08-11 04:08:59.973,2025-08-11,121768.13958561119,44418550038.47063,-0.008277999880990095
2025-08-11 03:09:41.482,2025-08-11,121778.22038654986,45474630487.536095,1.5796751791327779
2025-08-11 02:03:48.310,2025-08-11,119884.43571196456,36930529528.25504,0.6037986590101019
2025-08-11 01:08:22.244,2025-08-11,119164.91952585697,38417851063.024,-0.07004598625265368
2025-08-11 00:06:07.824,2025-08-11,119248.44827754395,37327174129.9249,0.17953477107659488
2025-08-10 23:03:50.568,2025-08-10,119034.73953042638,35754521257.98267,0.27692789381783545
2025-08-10 22:09:35.415,2025-08-10,118706.00947854224,31814759558.017567,0.42879028700146815
2025-08-10 21:09:58.195,2025-08-10,118199.18286311012,35700655779.13049,-0.3946390048403581
2025-08-10 20:08:34.773,2025-08-10,118667.49106893358,34708768788.24758,0.1039548674638624
2025-08-10 19:08:53.556,2025-08-10,118544.25854208015,35128746036.13187,0.01259924622194486
2025-08-10 18:03:00.796,2025-08-10,118529.32474061087,35315212010.15249,-0.10274846369990875
2025-08-10 17:04:57.659,2025-08-10,118651.23706385492,35094859360.89574,-0.16805693196693117
2025-08-10 16:08:52.375,2025-08-10,118850.97436498552,35186670739.71053,0.0688673559097408
2025-08-10 15:04:12.516,2025-08-10,118769.18117027791,34206992171.353424,0.20591464896539957
2025-08-10 14:08:45.387,2025-08-10,118525.12058429095,33631290337.83739,-0.025328282972014726
2025-08-10 13:08:50.283,2025-08-10,118555.1485677981,33526669470.4102,0.14815279882340882
2025-08-10 12:09:20.429,2025-08-10,118379.76563177402,30875942430.69914,0.2966742564153968
2025-08-10 11:06:37.087,2025-08-10,118029.60218713529,30291818105.35538,-0.20698674377267468
2025-08-10 10:03:31.843,2025-08-10,118274.41454652132,34012968955.55724,-0.050847318433333566
2025-08-10 09:04:25.722,2025-08-10,118334.58450952364,33944618646.15598,0.5361058563108534
2025-08-10 08:09:49.498,2025-08-10,117703.56878418477,34405078038.78227,-0.3277606560850632
2025-08-10 07:02:32.178,2025-08-10,118090.62338617022,33408549470.167046,-0.03453549961299762
2025-08-10 06:08:46.539,2025-08-10,118131.42066249595,32782677314.742798,-0.2904576942003856
2025-08-10 05:05:34.524,2025-08-10,118475.54198995137,33886596916.38947,-0.05324610710580879
2025-08-10 04:09:40.094,2025-08-10,118538.65921139685,33334835740.804104,1.1545915099997028
2025-08-10 03:09:40.062,2025-08-10,117185.6437180893,28059291532.336197,0.5108863476407599
2025-08-10 02:09:51.382,2025-08-10,116590.00131863818,27981901269.512142,-0.1380454615654947
2025-08-10 01:04:44.413,2025-08-10,116751.1710115442,28103053274.2696,0.21494830716197733
2025-08-10 00:04:22.718,2025-08-10,116500.75461167548,26325306630.626644,-0.056414146009020616
2025-08-09 23:03:31.847,2025-08-09,116566.51461542826,27408872586.289906,0.006544881271919323
2025-08-09 22:00:52.671,2025-08-09,116558.88597472935,27655330525.38579,-0.18259421744319937
2025-08-09 21:09:42.014,2025-08-09,116772.10508620345,27357651827.322956,0.19823846828284086
2025-08-09 20:09:30.112,2025-08-09,116541.07584253287,26412845933.74825,-0.09085655657427028
2025-08-09 19:08:36.104,2025-08-09,116647.05734217919,26951577324.78275,-0.011815997255038013
2025-08-09 18:09:00.518,2025-08-09,116660.84198406573,28214440360.349937,-0.0059071396952381505
2025-08-09 17:03:27.918,2025-08-09,116667.73371007525,28716655838.949287,-0.1520560163224216
2025-08-09 16:04:30.776,2025-08-09,116845.40417692252,29069262994.944294,-0.10304461379290197
2025-08-09 15:04:23.441,2025-08-09,116965.931269068,29731338163.6267,-0.026487997693824816
2025-08-09 14:00:57.348,2025-08-09,116996.92141091316,31368376902.0022,-0.08589564405423467
2025-08-09 13:01:35.758,2025-08-09,117097.50306534256,31654744614.885586,-0.009357849848545818
2025-08-09 12:09:31.285,2025-08-09,117108.46189936704,31656688211.514797,-0.28372705866740455
2025-08-09 11:04:23.919,2025-08-09,117441.67571151303,31320813153.436443,-0.07778075287087072
2025-08-09 10:11:12.754,2025-08-09,117533.0938367717,30030694434.40964,0.3889112744214662
2025-08-09 09:09:39.954,2025-08-09,117077.76520803696,29315368263.87168,0.26504900384876073
2025-08-09 08:09:55.122,2025-08-09,116768.27206611432,28887782823.495247,0.09804820037979667
2025-08-09 07:04:46.588,2025-08-09,116653.89502137293,30291196923.829845,-0.046552500530594454
2025-08-09 06:09:43.458,2025-08-09,116708.22561872333,30234437030.652073,0.24453131548853868
2025-08-09 05:09:05.226,2025-08-09,116423.53362042307,28626940322.38916,0.022212084778439056
2025-08-09 04:03:56.094,2025-08-09,116397.67926922366,28333295817.20548,-0.037371764237092986
2025-08-09 03:04:22.156,2025-08-09,116441.19539824275,29001734108.12723,-0.10761902070334228
2025-08-09 02:09:05.258,2025-08-09,116566.64327820552,29453184972.402847,-0.03861670666921446
2025-08-09 01:09:28.000,2025-08-09,116611.67486663083,31253756117.870483,-0.06431740190564472
2025-08-09 00:06:47.589,2025-08-09,116686.72473635004,33091407472.31744,-0.17819074848526295
2025-08-08 23:05:57.409,2025-08-08,116895.02084894278,31459206566.209084,-0.048233523943941314
2025-08-08 22:02:52.050,2025-08-08,116951.43064524583,34791774607.17924,0.10040107150173228
2025-08-08 21:09:38.840,2025-08-08,116834.12792892547,34935302303.970856,0.33008021775031704
2025-08-08 20:04:00.556,2025-08-08,116449.75033943536,35420921029.85885,-0.04909104973124245
2025-08-08 19:04:14.221,2025-08-08,116506.94482165811,36897326252.53285,-0.13691554445774967
2025-08-08 18:04:29.600,2025-08-08,116666.67964128975,34175055272.480247,0.3840200300560648
2025-08-08 17:04:52.558,2025-08-08,116220.37014094324,36558215357.25682,0.043121713480998025
2025-08-08 16:04:07.534,2025-08-08,116170.27552758016,37285113623.31424,-0.26030228455020676
2025-08-08 15:09:34.174,2025-08-08,116473.45860121376,36795417720.13156,-0.4825842378994971
2025-08-08 14:09:29.170,2025-08-08,117038.26682924244,36392154901.87994,0.42536768803946856
2025-08-08 13:09:26.051,2025-08-08,116542.53255293934,36465388547.60284,-0.28215916175899913
2025-08-08 12:09:51.700,2025-08-08,116872.29845057597,37731748285.74796,0.23309120234236147
2025-08-08 11:09:46.830,2025-08-08,116600.51291308948,39595985818.090256,-0.10177791475332043
2025-08-08 10:04:16.081,2025-08-08,116719.3073902658,43074244311.090355,0.11332865119264568
2025-08-08 09:09:11.866,2025-08-08,116587.1807109026,43034375048.059746,-0.1828383852153559
2025-08-08 08:09:11.085,2025-08-08,116800.73729288855,42936726063.014946,0.09339162979034032
2025-08-08 07:08:51.305,2025-08-08,116691.75695923333,39781272349.03035,0.1023763962664459
2025-08-08 06:04:35.218,2025-08-08,116572.41432240925,39381273182.99897,-0.1658371700528849
2025-08-08 05:04:15.771,2025-08-08,116766.05584500499,37063206241.856186,0.019757405526044103
2025-08-08 04:00:23.065,2025-08-08,116742.99045895677,39461498546.46167,-0.010603873513270745
2025-08-08 03:09:10.600,2025-08-08,116755.37105082296,38856964025.56005,-0.10796194984551422
2025-08-08 02:00:28.371,2025-08-08,116881.55866056273,36271288554.95881,-0.36586030771056377
2025-08-08 01:04:19.212,2025-08-08,117310.75213931722,40974002105.705284,-0.13231781247727836
2025-08-08 00:04:50.877,2025-08-08,117466.18082017908,38381202499.50631,-0.11081162101395092
2025-08-07 23:03:31.455,2025-08-07,117596.49139855335,38077479262.45592,0.3670089228921203
2025-08-07 22:09:00.095,2025-08-07,117166.47996245255,37140631118.51839,-0.06205738634629254
2025-08-07 21:06:25.613,2025-08-07,117239.23556781831,37104878504.69259,-0.15858213448065595
2025-08-07 20:09:32.315,2025-08-07,117425.45135500061,36527097508.27452,0.7288293797631962
2025-08-07 19:09:41.453,2025-08-07,116575.81258319659,34119035009.06495,0.07625097048471474
2025-08-07 18:04:16.216,2025-08-07,116486.99012273956,34992214581.5381,0.18328879034614776
2025-08-07 17:09:17.514,2025-08-07,116273.87314715952,33971515357.611668,-0.3870264715127414
2025-08-07 16:09:28.622,2025-08-07,116725.63224298047,34338347370.13309,0.32125931838367094
2025-08-07 15:01:37.052,2025-08-07,116351.84111129945,36152820566.95471,-0.16091331602620107
2025-08-07 14:09:21.467,2025-08-07,116539.36847358629,36261373991.022964,0.22759108495216118
2025-08-07 13:04:24.207,2025-08-07,116274.73753690078,36376521603.048965,-0.2740679838746929
2025-08-07 12:04:32.635,2025-08-07,116594.2851435067,35332972030.90617,0.1790136671372844
2025-08-07 11:04:34.700,2025-08-07,116385.93840713195,33345296795.755867,0.990709086533581
2025-08-07 10:09:17.525,2025-08-07,115244.20361026183,31158661804.364452,0.22222522682555645
2025-08-07 09:04:17.257,2025-08-07,114988.66977802393,30997975767.72014,0.07263514727442466
2025-08-07 08:08:46.545,2025-08-07,114905.20821081402,31414958578.640194,0.1498706796064786
2025-08-07 07:06:07.027,2025-08-07,114733.2566992642,31302305029.60208,0.15439903599345772
2025-08-07 06:01:41.957,2025-08-07,114556.38274863134,31084053715.68414,0.19364208741401434
2025-08-07 05:04:20.547,2025-08-07,114334.98210264335,30962252295.258038,-0.2265396000029507
2025-08-07 04:08:58.186,2025-08-07,114594.58421534985,31655259722.754047,0.03075755174866135
2025-08-07 03:03:39.154,2025-08-07,114559.34856443222,31906331496.93629,-0.14095190556423498
2025-08-07 02:09:47.749,2025-08-07,114721.05007059002,31538860014.69982,-0.16748079678646777
2025-08-07 01:09:16.956,2025-08-07,114913.5081296208,31290344185.921337,-0.08684491242070269
2025-08-07 00:09:21.420,2025-08-07,115013.39140866173,32048119066.60145,-0.10349422920677975
2025-08-06 23:08:08.324,2025-08-06,115132.54695069448,32278913052.277527,0.015431949291522251
2025-08-06 22:09:44.856,2025-08-06,115114.78249583267,32732574398.543716,0.0034677920457193423
2025-08-06 21:09:46.663,2025-08-06,115110.79069298925,32206309914.20193,-0.08646577340241102
2025-08-06 20:09:19.678,2025-08-06,115210.4082635344,32670773396.200428,-0.2399943296549023
2025-08-06 19:10:54.865,2025-08-06,115487.57188752058,32726059647.243435,-0.06484139102200803
2025-08-06 18:05:36.003,2025-08-06,115562.50422275848,32860754764.29253,0.3717257614935576
2025-08-06 17:09:07.068,2025-08-06,115134.51955320737,32869932251.234215,-0.26135758825382993
2025-08-06 16:09:34.077,2025-08-06,115436.22087606041,32341917589.846664,0.4233901824538755
2025-08-06 15:10:21.778,2025-08-06,114949.5358265943,32360380025.834854,0.5157922720527841
2025-08-06 14:08:06.527,2025-08-06,114359.67744797317,34095683626.3752,0.3821378222772509
2025-08-06 13:04:11.396,2025-08-06,113924.32949619247,33833548814.934418,-0.23894845712306712
2025-08-06 12:09:10.543,2025-08-06,114197.2019483257,34949741811.57334,0.14062489671342604
2025-08-06 11:02:39.346,2025-08-06,114036.83776300622,34887181159.87268,-0.07601386374535002
2025-08-06 10:04:52.825,2025-08-06,114123.58751131837,35317239152.78443,0.21242468525768388
2025-08-06 09:00:40.826,2025-08-06,113881.6747222235,35372752096.535446,-0.27908603366344487
2025-08-06 08:09:16.491,2025-08-06,114200.39206687103,35424631352.09035,0.10223933400728136
2025-08-06 07:09:29.188,2025-08-06,114083.75359698298,36625119705.601395,-0.043815034192706825
2025-08-06 06:00:36.630,2025-08-06,114133.76134354107,36556974264.32639,0.585173045231735
2025-08-06 05:09:38.950,2025-08-06,113469.76685342751,35917003845.74026,-0.04031132083025524
2025-08-06 04:09:30.005,2025-08-06,113515.52646149156,36394271231.63658,-0.07832023078657713
2025-08-06 03:08:46.560,2025-08-06,113604.50176946135,37044372557.079926,-0.1840075885008896
2025-08-06 02:08:08.279,2025-08-06,113813.9280338145,37124860523.15456,-0.0054195468823792226
2025-08-06 01:09:11.952,2025-08-06,113820.09656730953,37183570800.635704,-0.24335968511153272
2025-08-06 00:09:10.462,2025-08-06,114097.76452778364,37317944508.55347,0.12534985531411635
2025-08-05 23:08:25.410,2025-08-05,113954.92219768552,37313253180.34051,0.4573857758936928
2025-08-05 22:09:57.406,2025-08-05,113436.08169528015,37325854084.92152,-0.1412522117368642
2025-08-05 21:09:02.826,2025-08-05,113596.53931952552,37591964369.85331,0.04668793342481603
2025-08-05 20:01:07.234,2025-08-05,113543.52819267473,37877445915.062355,0.13910824678311506
2025-08-05 19:00:48.582,2025-08-05,113385.7991953131,37990076632.380356,-0.1476928360830354
2025-08-05 18:09:34.825,2025-08-05,113553.50959410446,37748430535.65775,0.35780665423794655
2025-08-05 17:09:33.434,2025-08-05,113148.65617313617,38194780141.33455,0.20270441123775296
2025-08-05 16:09:31.009,2025-08-05,112919.76283271505,38192646088.091354,0.04714366881923837
2025-08-05 15:04:11.352,2025-08-05,112866.55339857315,37029784200.22212,-1.3002918475258918
2025-08-05 14:03:45.597,2025-08-05,114353.4824076822,35971427342.73284,0.3153947588343531
2025-08-05 13:00:44.846,2025-08-05,113993.9514593911,33136816314.213512,-0.692892423451219
2025-08-05 12:09:03.421,2025-08-05,114789.31794637284,34668815564.901306,0.004780297976858527
2025-08-05 11:09:42.795,2025-08-05,114783.83093722479,32732825043.233364,0.08785109733293606
2025-08-05 10:03:54.631,2025-08-05,114683.08059246908,34118627817.990673,0.3416307414356945
2025-08-05 09:09:12.421,2025-08-05,114292.62186099906,33829945435.77715,0.2988509314845178
2025-08-05 08:04:55.477,2025-08-05,113952.07502334587,31655081770.9471,-0.17307514390849654
2025-08-05 07:04:04.288,2025-08-05,114149.63967648697,32779549480.226204,-0.19450159676352996
2025-08-05 06:05:34.472,2025-08-05,114372.09522795725,32613548944.048088,0.004691648620203104
2025-08-05 05:08:40.503,2025-08-05,114366.72954286869,32535805600.18447,0.09668746345354862
2025-08-05 04:04:45.458,2025-08-05,114256.2580651086,31974819857.02366,-0.40205217564615037
2025-08-05 03:08:40.443,2025-08-05,114717.48219813268,31589226004.92542,-0.015616270807794486
2025-08-05 02:04:25.177,2025-08-05,114735.39958884488,31624471585.25306,-0.11820616529466532
2025-08-05 01:03:59.316,2025-08-05,114871.18441096565,32046911744.649227,-0.13876742405747322
2025-08-05 00:09:49.767,2025-08-05,115030.80970246221,32461138364.310043,-0.22586821427380555
2025-08-04 23:04:07.176,2025-08-04,115291.2159130596,32489068462.481743,0.12810204406885628
2025-08-04 22:09:42.915,2025-08-04,115143.71446121797,32385670692.85,0.23468822536931722
2025-08-04 21:03:50.848,2025-08-04,114874.11843126298,32251480691.06286,0.09434525833531548
2025-08-04 20:01:30.094,2025-08-04,114765.84230086353,31478669529.99551,-0.1411602778798482
2025-08-04 19:10:52.984,2025-08-04,114928.07509102397,31534990679.884663,-0.2331270420218412
2025-08-04 18:09:07.041,2025-08-04,115196.62958608687,29760097124.587093,-0.1310929462997823
2025-08-04 17:09:51.977,2025-08-04,115347.8424712757,30366084101.531265,0.44981509504955497
2025-08-04 16:04:56.245,2025-08-04,114831.3138875657,27621304168.0854,0.06047313074339922
2025-08-04 15:04:02.402,2025-08-04,114761.91376541072,27314361680.898396,-0.02968175470247081
2025-08-04 14:04:50.603,2025-08-04,114795.98722874823,26028220751.429314,0.33871038467869763
2025-08-04 13:09:38.523,2025-08-04,114408.47384687644,24765633272.324284,-0.03987959123520346
2025-08-04 12:08:58.873,2025-08-04,114454.11768115955,24649563463.52656,0.1417072450752732
2025-08-04 11:08:45.637,2025-08-04,114292.1574135517,25348751930.33819,-0.13141278584208882
2025-08-04 10:00:20.331,2025-08-04,114442.5495561121,25066738531.688545,-0.08853432829437624
2025-08-04 09:04:17.549,2025-08-04,114543.9602819495,24943236036.43796,-0.12807072572994516
2025-08-04 08:09:22.037,2025-08-04,114690.84568035815,24806043072.808567,0.21121020072591978
2025-08-04 07:08:42.586,2025-08-04,114449.11746962153,24300986304.032253,0.05860240093242819
2025-08-04 06:08:08.112,2025-08-04,114382.08682050809,24065429420.997017,0.029554858813218843
2025-08-04 05:07:27.743,2025-08-04,114348.29134444591,23684014636.929466,-0.23872560766229345
2025-08-04 04:00:34.795,2025-08-04,114621.92322718422,23528930316.654324,-0.1344646513048442
2025-08-04 03:04:08.255,2025-08-04,114776.25672056428,23906376550.631725,0.09563150258957709
2025-08-04 02:09:08.515,2025-08-04,114666.59932865792,24003411774.495773,-0.17641684320978124
2025-08-04 01:03:20.370,2025-08-04,114869.24802985099,23678872767.45564,0.5551233995877203
2025-08-04 00:08:55.275,2025-08-04,114235.10224673641,24605716910.8397,-0.07377200757535674
2025-08-03 23:04:37.826,2025-08-03,114319.43799119137,25456905637.295254,-0.06896717504994987
2025-08-03 22:09:37.790,2025-08-03,114398.33529134598,25472271268.854927,0.0014968493904587987
2025-08-03 21:08:39.017,2025-08-03,114396.6229461927,25444988574.92217,0.07493200167816294
2025-08-03 20:02:32.713,2025-08-03,114310.96745014463,26478263935.426167,-0.032340892296467416
2025-08-03 19:00:42.360,2025-08-03,114347.94859704362,28022432056.0287,0.2674017748901969
2025-08-03 18:00:44.887,2025-08-03,114042.99560266416,29680301737.494568,0.068636021762436
2025-08-03 17:05:59.083,2025-08-03,113964.77471508921,29012150353.30862,0.03341865873014438
2025-08-03 16:07:24.553,2025-08-03,113926.70193936558,29769955278.10607,0.12661328031340346
2025-08-03 15:06:40.898,2025-08-03,113782.63800895533,31937307997.974792,-0.1396792841993233
2025-08-03 14:04:22.100,2025-08-03,113941.79108714974,30910689656.959812,-0.09208734331608293
2025-08-03 13:07:31.323,2025-08-03,114046.81376808541,33040527792.496475,0.1581605264435959
2025-08-03 12:09:40.577,2025-08-03,113866.72156181918,32718346271.943405,-0.040251984696360044
2025-08-03 11:08:01.163,2025-08-03,113912.57363352538,32231000415.209602,0.2412569277214116
2025-08-03 10:08:33.902,2025-08-03,113638.41308939453,32025375027.431145,-0.02854717005495999
2025-08-03 09:09:21.978,2025-08-03,113670.86290393065,32435567315.039616,0.002343338147725582
2025-08-03 08:04:02.958,2025-08-03,113668.19927365525,30863093719.04274,0.0889610007535735
2025-08-03 07:04:49.851,2025-08-03,113567.1687837777,33041302980.24164,-0.009352948296892372
2025-08-03 06:03:47.034,2025-08-03,113577.79165590803,34021886680.098045,0.1251481667737364
2025-08-03 05:08:55.553,2025-08-03,113435.8287957056,34433422744.87898,-0.18804633799112125
2025-08-03 04:09:09.535,2025-08-03,113649.54259870613,34454753540.03358,0.16924464113869941
2025-08-03 03:07:29.073,2025-08-03,113457.52182305185,34525154012.80951,0.33948150831613066
2025-08-03 02:02:59.530,2025-08-03,113073.65766450418,33414424563.909878,0.1585178566433365
2025-08-03 01:08:25.551,2025-08-03,112894.69940674068,30286654485.53811,0.28654642327181623
2025-08-03 00:08:57.851,2025-08-03,112572.12800035469,33143815716.675278,-0.26337503329214584
2025-08-02 23:08:37.823,2025-08-02,112869.39781442507,34000365679.56743,-0.024276146267887544
2025-08-02 22:08:59.370,2025-08-02,112896.80480789201,35974848096.31215,0.3083267973541082
2025-08-02 21:00:27.802,2025-08-02,112549.7836644903,36514942772.79542,0.1616418878829462
2025-08-02 20:04:23.492,2025-08-02,112368.14966599106,35600208553.83211,0.06391183094041075
2025-08-02 19:09:03.036,2025-08-02,112296.37899409614,38070235250.81376,-0.4098548147461245
2025-08-02 18:08:57.540,2025-08-02,112758.5252388242,38594603783.70479,-0.36924218767359074
2025-08-02 17:08:22.254,2025-08-02,113176.4203291783,39883776758.59811,0.2665078406291377
2025-08-02 16:04:32.942,2025-08-02,112875.59801032377,40014901102.18547,-0.12733598923951872
2025-08-02 15:05:53.322,2025-08-02,113019.51252463069,41285182898.64346,-0.3875026387800018
2025-08-02 14:08:55.085,2025-08-02,113459.16980154958,43433828633.39336,-0.1318025205018336
2025-08-02 13:01:42.902,2025-08-02,113608.90920739957,46794752989.22461,-0.10038045658568029
2025-08-02 12:09:05.872,2025-08-02,113723.0649392288,48630617850.50955,0.14699500975459134
2025-08-02 11:04:23.779,2025-08-02,113556.14307563784,49525284581.57158,-0.07164784266152635
2025-08-02 10:03:44.636,2025-08-02,113637.56193721901,49729748438.62892,-0.03061834530190266
2025-08-02 09:03:40.041,2025-08-02,113672.36653491751,51392059869.28749,-0.25182486714013796
2025-08-02 08:04:06.826,2025-08-02,113959.34450280547,52987278680.56358,0.26771914143102205
2025-08-02 07:04:48.903,2025-08-02,113655.06813021442,55965629804.77058,-0.25210527534161864
2025-08-02 06:03:43.209,2025-08-02,113942.32273668036,55126114007.51559,-0.022516191282373477
2025-08-02 05:02:47.373,2025-08-02,113967.9839859553,55538769146.784294,0.10153284311440469
2025-08-02 04:08:21.397,2025-08-02,113852.3864210684,57367398009.43489,0.15715168972598725
2025-08-02 03:08:41.726,2025-08-02,113673.74620812749,57862812301.05331,0.0838630934448803
2025-08-02 02:02:27.736,2025-08-02,113578.49576808819,59469037645.09976,-0.22277525344026605
2025-08-02 01:09:00.131,2025-08-02,113832.0854850238,62413023721.40395,0.5120972199251561
2025-08-02 00:08:47.096,2025-08-02,113252.12450393297,65684993178.76107,0.1611299846820513
2025-08-01 23:09:10.655,2025-08-01,113069.93493509205,66616874762.43864,-0.7282711510608442
2025-08-01 22:08:54.512,2025-08-01,113899.43163692605,66485271822.13982,0.004907945768173327
2025-08-01 21:04:09.754,2025-08-01,113893.84178893776,67257665342.80107,0.5345716165348513
2025-08-01 20:02:42.438,2025-08-01,113288.23503954308,65978744315.32149,-0.440136106087996
2025-08-01 19:04:00.204,2025-08-01,113789.0617852387,66357557635.92227,-0.5260148895563144
2025-08-01 18:04:25.831,2025-08-01,114390.77429028435,65142306986.272934,-0.5312176933327861
2025-08-01 17:07:23.337,2025-08-01,115001.68358109772,65170290658.5111,-0.2944538048959111
2025-08-01 16:04:40.409,2025-08-01,115341.31045835916,65118570284.837326,-0.10024920207073462
2025-08-01 15:09:08.540,2025-08-01,115457.05523496658,64690967650.39118,0.9930082280716901
2025-08-01 14:04:24.948,2025-08-01,114321.83005602808,53699188424.38925,-1.2102786391489095
2025-08-01 13:03:50.870,2025-08-01,115722.39346484495,60858029737.03799,0.4018481895450732
2025-08-01 12:09:01.116,2025-08-01,115259.22635047193,58710398574.80747,0.45480104297421775
2025-08-01 11:08:39.138,2025-08-01,114737.39946104163,58222711296.96871,-0.1611938997806428
2025-08-01 10:06:29.140,2025-08-01,114922.64775869504,57789886633.24516,0.08455160252047733
2025-08-01 09:04:41.313,2025-08-01,114825.56090684517,56648878029.243164,-0.07990326610989307
2025-08-01 08:04:29.730,2025-08-01,114917.38364970933,53804081331.08343,-0.19116129085428035
2025-08-01 07:04:21.940,2025-08-01,115137.48194645529,48786499584.170975,-0.3717202390089658
2025-08-01 06:03:35.311,2025-08-01,115567.06812831752,52207989004.976036,-0.07498576507826149
2025-08-01 05:06:53.254,2025-08-01,115653.79200909757,51590948624.24908,0.052570034200472016
2025-08-01 04:04:58.753,2025-08-01,115593.02471647075,51314450638.0644,-0.2491452258802318
2025-08-01 03:08:33.000,2025-08-01,115881.73853569946,51087858874.95461,0.5976664927060726
2025-08-01 02:00:33.103,2025-08-01,115193.26697712376,50631430348.58231,-0.22917968021010093
2025-08-01 01:05:26.746,2025-08-01,115457.87296115351,44117772351.284874,-0.248061348013362
2025-08-01 00:08:35.626,2025-08-01,115744.99154744405,45165574220.97938,-0.3167932203773538
2025-07-31 23:07:51.296,2025-07-31,116112.82911807846,43940881829.36632,-0.23972279896712356
2025-07-31 22:03:48.352,2025-07-31,116391.84691126367,42747569509.08828,-0.084056783832831
2025-07-31 21:05:11.511,2025-07-31,116489.76446076382,41842314396.74547,-0.2833287561227915
2025-07-31 20:04:35.000,2025-07-31,116820.75124215151,41107087273.094574,-0.7081563808364222
2025-07-31 19:09:18.833,2025-07-31,117653.92501948147,43253477730.22226,-0.07352359148765641
2025-07-31 18:08:41.854,2025-07-31,117740.49205787765,45246968607.84496,-0.5032146416058092
2025-07-31 17:09:28.029,2025-07-31,118335.97601547466,44850487797.80251,0.03943242348563025
2025-07-31 16:04:35.393,2025-07-31,118289.33166527409,43973741833.560616,0.22638593284594055
2025-07-31 15:04:44.138,2025-07-31,118022.14612879562,44355408198.5162,-0.40474029520761734
2025-07-31 14:09:20.440,2025-07-31,118501.7705447246,44389912337.85106,-0.05204691038367404
2025-07-31 13:04:06.300,2025-07-31,118563.47917247727,44358291142.07172,0.17523475850862447
2025-07-31 12:05:36.933,2025-07-31,118356.07818469004,41972764097.52918,-0.15237755431899425
2025-07-31 11:08:16.121,2025-07-31,118536.70151142355,45480829330.31691,-0.0566760909856967
2025-07-31 10:03:50.263,2025-07-31,118603.92157792966,46004713029.37672,0.032134589026378
2025-07-31 09:04:35.939,2025-07-31,118565.82093864528,43326367496.6922,-0.07407472133670323
2025-07-31 08:04:14.828,2025-07-31,118653.7133461621,46036962791.192635,-0.013115809172581372
2025-07-31 07:04:13.303,2025-07-31,118669.27778218249,41926805671.42842,0.2754096127791872
2025-07-31 06:03:46.658,2025-07-31,118343.34882343793,44970691391.91418,-0.1454959826186819
2025-07-31 05:06:13.536,2025-07-31,118515.7845286962,45135233473.00169,0.029081357833438126
2025-07-31 04:01:56.731,2025-07-31,118481.32854957489,44980632189.654335,0.03089203159538645
2025-07-31 03:08:50.834,2025-07-31,118444.73856351478,44926776020.82341,0.3509105735844731
2025-07-31 02:03:57.882,2025-07-31,118030.55685943438,44439356230.4492,-0.26626395568674077
2025-07-31 01:04:19.774,2025-07-31,118345.66871834778,44078666952.131744,0.4395095826310591
2025-07-31 00:03:15.982,2025-07-31,117827.80422776299,41209699028.44667,0.31250785210543697
2025-07-30 23:09:13.494,2025-07-30,117460.73022267674,42693530417.24623,0.162052479975916
2025-07-30 22:01:44.461,2025-07-30,117270.69016098598,42860171642.65708,0.14464696175429115
2025-07-30 21:04:21.674,2025-07-30,117101.30667870065,43277984682.4643,0.1791218551780549
2025-07-30 20:03:00.991,2025-07-30,116891.92768927025,43514871551.2071,0.14136719813215848
2025-07-30 19:01:29.100,2025-07-30,116726.91412131081,36656783637.52155,-0.8903537781789539
2025-07-30 18:03:37.820,2025-07-30,117775.53302940854,36494867821.65798,0.0010101747398350014
2025-07-30 17:04:04.877,2025-07-30,117774.34330274249,36690403724.342964,-0.16704189065525066
2025-07-30 16:02:08.477,2025-07-30,117971.40496803366,37132714946.76842,-0.5668971674971823
2025-07-30 15:02:32.528,2025-07-30,118643.99441175944,35092271798.37042,0.7842616755668441
2025-07-30 14:08:44.885,2025-07-30,117720.75564107877,38303602886.29471,-0.022649449626044316
2025-07-30 13:04:14.501,2025-07-30,117747.42478474135,37713520301.793,0.16273569063636195
2025-07-30 12:08:38.354,2025-07-30,117556.11902256469,37857587731.51139,-0.44957784053285543
2025-07-30 11:04:59.986,2025-07-30,118087.01206133983,37599905779.718185,-0.03707974075243259
2025-07-30 10:04:16.473,2025-07-30,118130.81466116493,37810784720.85904,-0.18624683558468025
2025-07-30 09:08:54.729,2025-07-30,118351.24010072777,38057574509.62991,0.16469572188413384
2025-07-30 08:09:12.438,2025-07-30,118156.64116760273,37849940042.01064,-0.11247052604803631
2025-07-30 07:06:13.078,2025-07-30,118289.68219542848,39079840276.867516,0.28051810316760406
2025-07-30 06:03:39.197,2025-07-30,117958.78644517295,39617298070.30174,-0.021856534756437007
2025-07-30 05:08:34.611,2025-07-30,117984.57378454941,39542074872.93422,-0.14503465427692097
2025-07-30 04:04:20.202,2025-07-30,118155.9408448614,40240281128.18014,0.1050772994410476
2025-07-30 03:01:06.192,2025-07-30,118031.9160949503,41214540170.48169,0.11840283158237597
2025-07-30 02:02:39.766,2025-07-30,117892.32824009564,42171753470.55349,0.14926900588270176
2025-07-30 01:09:26.483,2025-07-30,117716.61382088641,42138798859.58754,-0.09673396697992276
2025-07-30 00:06:54.868,2025-07-30,117830.59603074304,42510545896.97181,0.022927878682499347
2025-07-29 23:03:09.583,2025-07-29,117803.58616742294,42569740533.96025,0.22959291320532316
2025-07-29 22:07:51.401,2025-07-29,117533.73703656161,43552681525.880104,0.1628492496598133
2025-07-29 21:04:17.091,2025-07-29,117342.64541896585,43767197236.85645,-0.19129699054939442
2025-07-29 20:03:08.384,2025-07-29,117567.54860130284,42671940818.05191,-0.006458300409983853
2025-07-29 19:07:20.107,2025-07-29,117575.1419571779,42779646203.80364,-0.12173841690537035
2025-07-29 18:09:40.099,2025-07-29,117718.45053526506,43288863886.37689,0.02712990697102402
2025-07-29 17:01:11.679,2025-07-29,117686.52229125002,43658003831.89778,0.21976422632310477
2025-07-29 16:09:49.250,2025-07-29,117428.45655222486,42245280846.18542,-0.5838123340765167
2025-07-29 15:00:36.173,2025-07-29,118118.04426340458,40933624181.64653,-0.3732910729219552
2025-07-29 14:04:55.099,2025-07-29,118560.62047564103,40579763109.06892,-0.2897538037490599
2025-07-29 13:05:00.059,2025-07-29,118905.15267838027,41197235441.54724,0.3649514464950654
2025-07-29 12:08:29.942,2025-07-29,118472.78453750764,41339629291.235214,0.14887467060136217
2025-07-29 11:04:47.755,2025-07-29,118296.67075858342,41305787384.5359,-0.41363752438255963
2025-07-29 10:04:28.135,2025-07-29,118788.02259450633,40634659988.1304,-0.0660539795469095
2025-07-29 09:04:58.540,2025-07-29,118866.53867364993,44378583908.63212,-0.05547585210923245
2025-07-29 08:00:34.826,2025-07-29,118932.51750116867,44794764249.30357,0.06306191684486429
2025-07-29 07:01:31.533,2025-07-29,118857.56364322016,44712487885.43942,0.07255588841106331
2025-07-29 06:04:34.688,2025-07-29,118771.38800747317,44007623993.417015,0.15845999613268713
2025-07-29 05:09:13.318,2025-07-29,118583.480628655,44604332799.80549,-0.022971966201601468
2025-07-29 04:03:50.877,2025-07-29,118610.72784496703,44140226702.03693,0.4576435088538444
2025-07-29 03:07:51.709,2025-07-29,118070.38638579378,43150935637.317055,0.20537903699286986
2025-07-29 02:05:36.373,2025-07-29,117828.39156988336,43185159873.06014,-0.1063961826210158
2025-07-29 01:10:07.506,2025-07-29,117953.89000610284,43608087986.575134,-0.0418734129733811
2025-07-29 00:02:46.779,2025-07-29,118003.30201607826,43433742203.62158,0.0776383867097552
2025-07-28 23:02:14.929,2025-07-28,117911.75723002375,41550877531.2401,-0.13288549766564683
2025-07-28 22:04:20.333,2025-07-28,118068.65334761185,44484630334.62049,0.017224813483762702
2025-07-28 21:07:36.004,2025-07-28,118048.31974471512,44003169167.12701,0.10041289195761305
2025-07-28 20:09:26.813,2025-07-28,117929.90291871164,43340513439.191734,-0.0456543350433658
2025-07-28 19:12:40.759,2025-07-28,117983.76762327916,42304588033.74991,0.2694792697508941
2025-07-28 18:05:48.211,2025-07-28,117666.6803124331,41103192308.33207,-0.3400679472389312
2025-07-28 17:03:52.803,2025-07-28,118068.19239063805,40594653923.78503,-0.09274622230713847
2025-07-28 16:04:51.345,2025-07-28,118177.79783373461,43758659547.48105,0.15246016682393115
2025-07-28 15:08:24.025,2025-07-28,117997.89804153176,43577030661.75968,-0.3504352361024754
2025-07-28 14:04:20.753,2025-07-28,118412.8584215169,40682167954.44244,-0.35012413724010427
2025-07-28 13:09:20.067,2025-07-28,118828.90710731824,39588037596.93224,0.020269674188888587
2025-07-28 12:02:32.491,2025-07-28,118804.82575621677,36599383596.43348,0.037770248012369834
2025-07-28 11:04:08.816,2025-07-28,118759.96982107592,37310289840.36705,-0.14313628073098217
2025-07-28 10:02:28.843,2025-07-28,118930.20208901197,35611209356.3147,-0.0670385453458544
2025-07-28 09:08:25.151,2025-07-28,119009.98465153869,35289405864.25276,0.0596370912862243
2025-07-28 08:00:21.635,2025-07-28,118939.05286000959,35940515391.42016,-0.38419186900584545
2025-07-28 07:05:50.699,2025-07-28,119397.76938174861,34480786729.498634,-0.14266414241598246
2025-07-28 06:08:55.271,2025-07-28,119568.35054365265,34181177266.268627,0.27517477353888875
2025-07-28 05:04:37.042,2025-07-28,119240.23150663702,32957490593.940804,-0.07668800932276731
2025-07-28 04:08:17.748,2025-07-28,119331.74464609624,32732190161.85874,-0.12542239719751658
2025-07-28 03:09:42.243,2025-07-28,119481.6013347002,32581597832.508537,0.36021000465398245
2025-07-28 02:04:52.231,2025-07-28,119052.76137740196,31782647048.110847,-0.1889119596862887
2025-07-28 01:06:14.145,2025-07-28,119278.09195839698,31241415313.414207,-0.13091071616133654
2025-07-28 00:09:25.908,2025-07-28,119434.4444449632,30445240805.86875,-0.06844105809740153
2025-07-27 23:07:36.535,2025-07-27,119516.2426260147,29916416889.29025,0.037972699242927455
2025-07-27 22:09:27.613,2025-07-27,119470.87630947083,29101891410.922314,0.49810609696445685
2025-07-27 21:10:45.640,2025-07-27,118878.73408698937,28317963858.648163,-0.10906832770857244
2025-07-27 20:07:47.487,2025-07-27,119008.53470562327,28356816100.55344,-0.005063191489762531
2025-07-27 19:08:24.344,2025-07-27,119014.5606407292,28528856846.602787,-0.242476957565263
2025-07-27 18:09:48.605,2025-07-27,119303.84497428122,28218261572.990326,0.18895487463366223
2025-07-27 17:07:00.977,2025-07-27,119078.83970200707,26964957989.466824,0.21586698874025423
2025-07-27 16:09:48.909,2025-07-27,118822.34149147876,23312670645.26936,0.34112176843912323
2025-07-27 15:03:56.686,2025-07-27,118418.39058336364,22652806953.347034,0.1601513730978832
2025-07-27 14:09:43.281,2025-07-27,118229.04514416475,22196514372.3793,0.08328696115409429
2025-07-27 13:08:15.596,2025-07-27,118130.65770916743,22441540604.514297,0.014794881025070872
2025-07-27 12:07:50.423,2025-07-27,118113.18300426703,22001718947.07648,-0.13523779248184598
2025-07-27 11:04:52.240,2025-07-27,118273.13297840615,22496962565.13374,0.3046936107881759
2025-07-27 10:04:43.483,2025-07-27,117913.85698992395,23137214734.8477,-0.05684245427314272
2025-07-27 09:04:26.259,2025-07-27,117980.92024056273,23175453373.157413,-0.1489433898395287
2025-07-27 08:01:18.715,2025-07-27,118156.90714339164,23706454032.268963,-0.13504103416427382
2025-07-27 07:04:03.305,2025-07-27,118316.68321599539,23842869656.112534,0.01912672762005574
2025-07-27 06:04:56.175,2025-07-27,118294.0574338393,23907120029.800983,0.04505376466668043
2025-07-27 05:08:40.379,2025-07-27,118240.78550859624,23839720526.98561,0.02353985824483651
2025-07-27 04:03:37.955,2025-07-27,118212.9583457746,24133080832.473057,-0.09582239106095125
2025-07-27 03:04:41.850,2025-07-27,118326.34147543131,24174561903.208393,0.1656657489896185
2025-07-27 02:03:59.941,2025-07-27,118130.63946677245,24236349560.77216,0.1569493494828933
2025-07-27 01:05:16.335,2025-07-27,117945.5247329599,24309360326.774143,-0.011883405418378068
2025-07-27 00:07:19.870,2025-07-27,117959.54234360624,25145925063.881348,-0.12061261180864591
2025-07-26 23:06:19.130,2025-07-26,118101.98823621588,25582506440.17877,0.03337526603746088
2025-07-26 22:04:11.898,2025-07-26,118062.58453453679,25697951985.34304,0.05715719822614318
2025-07-26 21:04:00.174,2025-07-26,117995.14181743098,26455773928.811455,-0.23172237093589398
2025-07-26 20:01:49.072,2025-07-26,118269.19800713999,27696597075.949482,0.12624581908442511
2025-07-26 19:04:46.446,2025-07-26,118120.07634924974,27535438094.444664,0.03475095601528366
2025-07-26 18:09:46.972,2025-07-26,118079.04275303935,30073838452.83746,-0.019641383157120718
2025-07-26 17:04:36.296,2025-07-26,118102.23966644937,31671374624.41095,-0.03456989810016742
2025-07-26 16:07:33.044,2025-07-26,118143.08160937413,33425707590.375748,0.01310960202958178
2025-07-26 15:04:40.850,2025-07-26,118127.59555171018,35658845093.05046,-0.038151731014202106
2025-07-26 14:01:48.478,2025-07-26,118172.68047489724,39087936993.44173,0.20015362673937442
2025-07-26 13:04:26.755,2025-07-26,117936.62604062287,42409359513.78435,0.0886625948211206
2025-07-26 12:04:19.177,2025-07-26,117832.15299624282,45110016858.76751,-0.1627256873442895
2025-07-26 11:02:23.419,2025-07-26,118024.20870108431,46634536654.86411,0.3574122957139325
2025-07-26 10:04:53.182,2025-07-26,117603.87798094402,47667914940.58855,0.00950827508605645
2025-07-26 09:09:47.097,2025-07-26,117592.69694383748,51652096285.62771,0.20149701566904987
2025-07-26 08:04:03.805,2025-07-26,117356.22764742613,57348515508.95366,-0.02595443227643157
2025-07-26 07:03:54.060,2025-07-26,117386.69469760296,60957676835.61244,-0.0763806597978478
2025-07-26 06:09:20.424,2025-07-26,117476.4239653346,64262647302.83519,-0.03094414600546269
2025-07-26 05:09:54.411,2025-07-26,117512.78729380989,67962381359.11132,-0.008674303809041994
2025-07-26 04:09:43.823,2025-07-26,117522.98159427883,73053553072.97237,-0.017902567569338945
2025-07-26 03:08:26.039,2025-07-26,117544.02499277687,80790133646.52544,0.20334449712109404
2025-07-26 02:04:39.679,2025-07-26,117305.49073255135,86568999692.76271,-0.13593869720335272
2025-07-26 01:02:49.521,2025-07-26,117465.1713561606,90539574167.69812,-0.04553600694233717
2025-07-26 00:08:48.417,2025-07-26,117518.68467257165,91862506657.07118,0.18115625119923262
2025-07-25 23:09:29.677,2025-07-25,117306.17719953186,92250798810.4639,0.1020717768718038
2025-07-25 22:03:01.214,2025-07-25,117186.56279263442,92678960242.52974,0.050094140759338046
2025-07-25 21:09:17.842,2025-07-25,117127.88858325909,92298907464.21516,0.3275497755028667
2025-07-25 20:02:39.370,2025-07-25,116745.4889961425,91156785119.52615,0.19433723593351715
2025-07-25 19:09:24.756,2025-07-25,116519.04909679179,90296527643.47942,0.32609480736895957
2025-07-25 18:08:41.463,2025-07-25,116140.32153899151,89905345662.22783,0.04210663818013938
2025-07-25 17:09:09.438,2025-07-25,116091.4393366719,88732015930.66151,0.26073246309394893
2025-07-25 16:09:15.270,2025-07-25,115789.53842114135,88919689476.3266,0.5202615054555437
2025-07-25 15:04:55.895,2025-07-25,115190.24790326186,87066913539.39503,-0.7932126702462572
2025-07-25 14:04:49.809,2025-07-25,116111.25710621053,87131745675.64265,-0.0325805813557678
2025-07-25 13:02:13.682,2025-07-25,116149.09915795567,85699028351.79373,-0.36156474746815714
2025-07-25 12:00:45.105,2025-07-25,116570.57727128878,83959862031.6109,0.14859697076294864
2025-07-25 11:06:55.828,2025-07-25,116397.61394292925,83146084087.27638,0.675994265847657
2025-07-25 10:04:54.471,2025-07-25,115616.05603374194,81588473468.41763,0.36260481874719197
2025-07-25 09:04:32.681,2025-07-25,115198.34129708189,75042997368.29431,0.012632504273213385
2025-07-25 08:04:57.121,2025-07-25,115183.79069979969,74811948693.77531,-0.11201549303642144
2025-07-25 07:03:46.144,2025-07-25,115312.95907944742,71986674358.9229,-0.18415080967355557
2025-07-25 06:01:41.801,2025-07-25,115525.7005924695,70687077385.19344,-0.3613770040424291
2025-07-25 05:03:00.450,2025-07-25,115944.69806869619,70230336759.81766,0.42163860674804265
2025-07-25 04:08:16.874,2025-07-25,115457.88305918466,66877215468.394585,-0.8237516200560013
2025-07-25 03:09:00.317,2025-07-25,116416.86890278987,57567861904.88399,-0.8069333797489642
2025-07-25 02:08:36.425,2025-07-25,117363.91752911333,56541395945.80622,-0.2991203616633076
2025-07-25 01:09:38.465,2025-07-25,117716.03014421639,52582758485.74413,-0.5559462754765154
2025-07-25 00:09:04.870,2025-07-25,118374.12669269227,51737818238.89438,0.03880078988491853
2025-07-24 23:09:09.731,2025-07-24,118328.21441084414,51790816727.15537,-0.25751350486686864
2025-07-24 22:09:32.133,2025-07-24,118633.71224119011,52291040257.34798,-0.12989784727712728
2025-07-24 21:08:55.337,2025-07-24,118788.01531590869,52931730425.74475,-0.19557781055247192
2025-07-24 20:09:33.253,2025-07-24,119020.7935780909,54053584937.84139,-0.09123151640409999
2025-07-24 19:09:19.079,2025-07-24,119129.47720663079,53844670651.393684,-0.06948149968665218
2025-07-24 18:04:25.533,2025-07-24,119212.30770583588,54035105191.0939,0.4881260399185905
2025-07-24 17:07:56.505,2025-07-24,118633.228027836,55155971727.93828,-0.4432386560650814
2025-07-24 16:04:20.106,2025-07-24,119161.39740423892,55014861396.331,0.2539297642961236
2025-07-24 15:04:53.733,2025-07-24,118859.57755909972,52863755023.546715,0.36214821434441546
2025-07-24 14:04:24.228,2025-07-24,118430.68295554034,53030306672.77395,-0.04647461116104035
2025-07-24 13:04:09.030,2025-07-24,118485.74874655154,54609127261.03149,-0.18576655499509265
2025-07-24 12:03:55.511,2025-07-24,118706.26528613694,54519766006.79465,0.33819953691416327
2025-07-24 11:00:32.882,2025-07-24,118306.15441974839,50243447952.37235,-0.27037009771817555
2025-07-24 10:09:29.182,2025-07-24,118626.88604747498,53912592998.163765,-0.15726883848610207
2025-07-24 09:09:19.800,2025-07-24,118813.7430411176,53841922668.708565,0.43631680267826045
2025-07-24 08:09:04.829,2025-07-24,118297.59077540097,51331116909.16332,0.746067201950984
2025-07-24 07:09:24.625,2025-07-24,117421.54712428327,51219835080.74328,-0.26335279979294857
2025-07-24 06:06:18.611,2025-07-24,117731.59658011796,45756227724.05701,-0.2615362755157058
2025-07-24 05:08:58.601,2025-07-24,118040.31482311334,47691035141.77113,-0.44811057598828086
2025-07-24 04:08:57.795,2025-07-24,118571.64691305421,46615233842.37876,-0.3972111503812714
2025-07-24 03:09:30.849,2025-07-24,119044.5049606742,45086930955.356766,-0.04092883090622834
2025-07-24 02:05:01.118,2025-07-24,119093.24843494687,45604647783.618866,-0.005635172610773953
2025-07-24 01:09:35.074,2025-07-24,119099.95992326792,45710273735.15434,0.3969550616965245
2025-07-24 00:01:21.673,2025-07-24,118629.05588130427,45225685167.61703,-0.0028985757531407863
2025-07-23 23:09:08.188,2025-07-23,118632.49453402618,45164914580.98258,0.42303578861833113
2025-07-23 22:02:10.782,2025-07-23,118132.7507203996,44688526741.31649,0.12737911646203415
2025-07-23 21:04:35.426,2025-07-23,117982.46569801336,41743041127.080864,-0.3960164967040991
2025-07-23 20:08:03.711,2025-07-23,118451.55339004018,44480846583.91266,0.042257366669939955
2025-07-23 19:09:14.123,2025-07-23,118401.52002558019,45123648200.588745,0.23766368992734765
2025-07-23 18:09:13.433,2025-07-23,118120.789797975,45683770751.06338,0.23369681227345396
2025-07-23 17:09:23.653,2025-07-23,117845.38888074942,46464811567.43005,-0.4444508705889638
2025-07-23 16:00:03.788,2025-07-23,118371.49200750593,45929742796.64325,0.17360991021544425
2025-07-23 15:09:25.932,2025-07-23,118166.34352460799,46049392822.30413,0.47815845093459597
2025-07-23 14:01:34.593,2025-07-23,117604.01001209718,47018254011.26223,-0.4222990717894892
2025-07-23 13:06:06.616,2025-07-23,118102.75685806658,46837557710.20535,-0.4077267019601205
2025-07-23 12:04:35.592,2025-07-23,118586.26472420427,47454279900.61564,0.18010651167399416
2025-07-23 11:02:14.329,2025-07-23,118373.06712224887,48830246645.068825,0.24961513077434994
2025-07-23 10:08:39.482,2025-07-23,118078.32575499937,49183707130.554855,-0.3001334246589771
2025-07-23 09:09:06.854,2025-07-23,118433.78513026409,46035920767.82302,0.04565502330775573
2025-07-23 08:08:25.507,2025-07-23,118379.73883290826,50825818514.57812,-0.07948056178912477
2025-07-23 07:03:56.433,2025-07-23,118473.90255623346,53169219653.08305,-0.19212036021771794
2025-07-23 06:08:36.877,2025-07-23,118701.95317626116,53633117135.82551,-0.1667049297857659
2025-07-23 05:08:34.993,2025-07-23,118900.1656138629,54326085034.84547,0.179482961671118
2025-07-23 04:04:05.556,2025-07-23,118687.14241553268,51981306005.678406,-0.3694686293820193
2025-07-23 03:03:07.978,2025-07-23,119127.28034544508,56338884809.87471,-0.3817037675433732
2025-07-23 02:00:29.496,2025-07-23,119583.73597101556,56190519436.1195,-0.08310570508847093
2025-07-23 01:06:09.683,2025-07-23,119683.19953786394,59138285519.984505,0.0
